,alpha,birthdate,deathdate,index,locx,locy,mutation_rate,mutations,parent_index,proliferation_rate
0,0.5,0.0,13.624999999999941,0,500,500,0.1,[1],0,1
1,0.5,0.45833333333333337,13.624999999999941,1,501,500,0.1,[0],0,1
2,0.5,0.6666666666666665,1.6250000000000007,2,501,499,0.1,[0],1,1
3,0.5,0.833333333333333,13.624999999999941,3,502,500,0.1,[0],2,1
4,0.5,1.083333333333333,13.624999999999941,4,502,501,0.1,[0],1,1
5,0.5,1.416666666666667,13.624999999999941,5,503,501,0.1,[0],3,1
6,0.5,1.5000000000000004,10.708333333333316,6,503,500,0.1,[0],3,1
7,0.5,1.8333333333333344,3.9583333333333277,7,504,502,0.1,"[0, 2]",5,1
8,0.5,2.458333333333333,13.624999999999941,8,503,499,0.1,[0],3,1
9,0.5,2.458333333333333,13.624999999999941,9,500,499,0.1,[],0,1
10,0.5,2.4999999999999996,5.916666666666674,10,500,501,0.1,[1],0,1
11,0.5,2.624999999999999,13.624999999999941,11,499,500,0.1,[],9,1
12,0.5,2.8749999999999982,13.624999999999941,12,505,502,0.1,"[0, 2, 4]",7,1
13,0.5,2.999999999999998,13.624999999999941,13,501,499,0.1,[1],0,1
14,0.5,3.083333333333331,4.041666666666661,14,499,499,0.1,[],9,1
15,0.5,3.2083333333333304,13.624999999999941,15,504,503,0.1,"[0, 2, 7, 10, 35]",12,1
16,0.5,3.2083333333333304,13.624999999999941,16,502,499,0.1,[0],3,1
17,0.5,3.249999999999997,13.624999999999941,17,501,498,0.1,[0],16,1
18,0.5,3.33333333333333,13.624999999999941,18,500,498,0.1,[],9,1
19,0.5,3.583333333333329,13.624999999999941,19,502,498,0.1,[0],16,1
20,0.5,3.666666666666662,13.624999999999941,20,506,503,0.1,"[0, 2, 3, 12]",12,1
21,0.5,3.7916666666666616,13.624999999999941,21,503,504,0.1,"[0, 2]",15,1
22,0.5,3.7916666666666616,13.624999999999941,22,501,501,0.1,[0],1,1
23,0.5,3.916666666666661,13.624999999999941,23,498,500,0.1,[11],11,1
24,0.5,3.9999999999999942,13.624999999999941,24,505,501,0.1,"[0, 2]",12,1
25,0.5,3.9999999999999942,13.624999999999941,25,504,504,0.1,"[0, 2]",15,1
26,0.5,4.041666666666661,13.624999999999941,26,504,501,0.1,"[0, 2]",24,1
27,0.5,4.041666666666661,13.624999999999941,27,499,499,0.1,[],11,1
28,0.5,4.124999999999995,13.624999999999941,28,506,502,0.1,"[0, 2, 3]",20,1
29,0.5,4.208333333333329,13.624999999999941,29,502,502,0.1,[0],22,1
30,0.5,4.208333333333329,13.624999999999941,30,504,502,0.1,"[0, 2, 4]",12,1
31,0.5,4.249999999999996,13.624999999999941,31,503,502,0.1,"[0, 2, 4]",30,1
32,0.5,4.2916666666666625,13.624999999999941,32,506,500,0.1,"[0, 2]",24,1
33,0.5,4.2916666666666625,13.624999999999941,33,501,497,0.1,[0],17,1
34,0.5,4.3333333333333295,12.291666666666627,34,504,499,0.1,[0],6,1
35,0.5,4.3749999999999964,13.624999999999941,35,504,500,0.1,[0],5,1
36,0.5,4.3749999999999964,13.624999999999941,36,507,502,0.1,"[0, 2, 3]",20,1
37,0.5,4.416666666666663,13.624999999999941,37,503,503,0.1,"[0, 2, 4, 5]",31,1
38,0.5,4.45833333333333,6.25000000000001,38,499,498,0.1,[],9,1
39,0.5,4.45833333333333,13.624999999999941,39,505,500,0.1,"[0, 9]",35,1
40,0.5,4.45833333333333,13.624999999999941,40,502,503,0.1,"[0, 2]",21,1
41,0.5,4.499999999999997,13.624999999999941,41,506,501,0.1,"[0, 2, 3]",36,1
42,0.5,4.541666666666664,13.624999999999941,42,503,498,0.1,"[0, 6]",19,1
43,0.5,4.541666666666664,13.624999999999941,43,502,504,0.1,"[0, 2, 4, 5, 8]",37,1
44,0.5,4.541666666666664,7.583333333333353,44,500,497,0.1,[0],17,1
45,0.5,4.624999999999998,13.624999999999941,45,503,505,0.1,"[0, 2, 4, 5]",43,1
46,0.5,4.624999999999998,13.624999999999941,46,504,497,0.1,"[0, 6]",42,1
47,0.5,4.666666666666665,9.958333333333327,47,505,503,0.1,"[0, 2, 7]",15,1
48,0.5,4.708333333333332,13.624999999999941,48,504,498,0.1,[0],8,1
49,0.5,4.708333333333332,13.624999999999941,49,498,499,0.1,[13],11,1
50,0.5,4.791666666666666,13.624999999999941,50,499,497,0.1,[],18,1
51,0.5,4.791666666666666,5.83333333333334,51,505,499,0.1,[0],48,1
52,0.5,4.833333333333333,10.87499999999998,52,507,501,0.1,"[0, 2, 3]",36,1
53,0.5,4.833333333333333,13.624999999999941,53,502,497,0.1,[0],19,1
54,0.5,4.833333333333333,13.624999999999941,54,501,496,0.1,[0],44,1
55,0.5,4.875,13.624999999999941,55,507,500,0.1,"[0, 2]",32,1
56,0.5,4.916666666666667,13.624999999999941,56,499,502,0.1,[1],10,1
57,0.5,4.916666666666667,13.624999999999941,57,502,505,0.1,"[0, 2, 4, 5]",45,1
58,0.5,4.916666666666667,13.624999999999941,58,499,501,0.1,[1],0,1
59,0.5,4.958333333333334,13.624999999999941,59,508,501,0.1,"[0, 2]",55,1
60,0.5,4.958333333333334,13.624999999999941,60,500,496,0.1,[0],44,1
61,0.5,5.000000000000001,13.624999999999941,61,501,502,0.1,[1],10,1
62,0.5,5.041666666666668,13.624999999999941,62,502,506,0.1,"[0, 2, 4, 5]",57,1
63,0.5,5.041666666666668,13.624999999999941,63,501,504,0.1,"[0, 2, 4, 5, 8]",43,1
64,0.5,5.041666666666668,13.624999999999941,64,499,496,0.1,[0],60,1
65,0.5,5.083333333333335,13.624999999999941,65,502,496,0.1,[0],33,1
66,0.5,5.083333333333335,8.375000000000016,66,500,502,0.1,[1],10,1
67,0.5,5.166666666666669,13.624999999999941,67,507,503,0.1,"[0, 2, 3]",36,1
68,0.5,5.166666666666669,13.624999999999941,68,501,495,0.1,[0],54,1
69,0.5,5.208333333333336,13.624999999999941,69,505,497,0.1,"[0, 6]",46,1
70,0.5,5.250000000000003,11.499999999999972,70,501,505,0.1,"[0, 2, 4, 5, 8]",43,1
71,0.5,5.29166666666667,13.624999999999941,71,503,497,0.1,"[0, 6]",42,1
72,0.5,5.333333333333337,13.624999999999941,72,506,499,0.1,"[0, 9]",39,1
73,0.5,5.3750000000000036,13.624999999999941,73,508,499,0.1,"[0, 2]",55,1
74,0.5,5.4583333333333375,13.624999999999941,74,500,495,0.1,"[0, 17]",60,1
75,0.5,5.4583333333333375,9.458333333333334,75,501,503,0.1,"[0, 2]",40,1
76,0.5,5.500000000000004,13.624999999999941,76,502,495,0.1,[0],65,1
77,0.5,5.500000000000004,13.624999999999941,77,499,495,0.1,[0],60,1
78,0.5,5.500000000000004,13.624999999999941,78,498,498,0.1,[],49,1
79,0.5,5.500000000000004,13.624999999999941,79,505,498,0.1,[0],48,1
80,0.5,5.541666666666671,13.624999999999941,80,501,494,0.1,"[0, 20]",74,1
81,0.5,5.541666666666671,13.624999999999941,81,501,506,0.1,"[0, 2, 4, 5]",57,1
82,0.5,5.541666666666671,13.624999999999941,82,498,497,0.1,[],50,1
83,0.5,5.541666666666671,13.624999999999941,83,502,507,0.1,"[0, 2, 4, 5]",62,1
84,0.5,5.583333333333338,8.500000000000014,84,505,504,0.1,"[0, 2, 7, 10]",15,1
85,0.5,5.583333333333338,13.624999999999941,85,508,500,0.1,"[0, 2, 3]",52,1
86,0.5,5.625000000000005,13.624999999999941,86,503,496,0.1,[0],53,1
87,0.5,5.625000000000005,7.166666666666683,87,505,505,0.1,"[0, 2]",25,1
88,0.5,5.625000000000005,13.624999999999941,88,507,499,0.1,"[0, 2]",32,1
89,0.5,5.625000000000005,13.624999999999941,89,498,495,0.1,[0],64,1
90,0.5,5.625000000000005,6.708333333333346,90,500,503,0.1,[1],56,1
91,0.5,5.666666666666672,13.624999999999941,91,500,494,0.1,[0],77,1
92,0.5,5.708333333333339,13.624999999999941,92,508,503,0.1,"[0, 2, 3]",36,1
93,0.5,5.750000000000006,7.958333333333355,93,501,493,0.1,[0],91,1
94,0.5,5.791666666666673,13.624999999999941,94,497,499,0.1,[11],23,1
95,0.5,5.791666666666673,13.624999999999941,95,503,506,0.1,"[0, 2, 4, 5]",57,1
96,0.5,5.83333333333334,13.624999999999941,96,502,494,0.1,[0],80,1
97,0.5,5.83333333333334,13.624999999999941,97,506,504,0.1,"[0, 2, 3, 12]",20,1
98,0.5,5.875000000000007,13.624999999999941,98,504,506,0.1,"[0, 2, 4, 5]",95,1
99,0.5,5.916666666666674,13.624999999999941,99,508,502,0.1,"[0, 2, 3]",52,1
100,0.5,5.916666666666674,13.624999999999941,100,500,506,0.1,"[0, 2, 4, 5, 8]",70,1
101,0.5,6.000000000000008,13.624999999999941,101,504,505,0.1,"[0, 2]",21,1
102,0.5,6.000000000000008,13.624999999999941,102,505,506,0.1,"[0, 2, 4, 5]",98,1
103,0.5,6.000000000000008,13.624999999999941,103,500,501,0.1,[0],22,1
104,0.5,6.041666666666675,13.624999999999941,104,509,501,0.1,"[0, 2, 3]",99,1
105,0.5,6.083333333333342,13.624999999999941,105,503,507,0.1,"[0, 2, 4, 5]",83,1
106,0.5,6.083333333333342,13.624999999999941,106,498,496,0.1,[],50,1
107,0.5,6.125000000000009,13.624999999999941,107,497,497,0.1,[],78,1
108,0.5,6.125000000000009,13.624999999999941,108,497,501,0.1,[11],23,1
109,0.5,6.166666666666676,13.624999999999941,109,508,504,0.1,"[0, 2, 3]",67,1
110,0.5,6.166666666666676,13.624999999999941,110,503,495,0.1,[0],86,1
111,0.5,6.166666666666676,13.624999999999941,111,501,507,0.1,"[0, 2, 4, 5, 8]",100,1
112,0.5,6.208333333333343,13.624999999999941,112,504,495,0.1,[0],110,1
113,0.5,6.208333333333343,13.624999999999941,113,506,498,0.1,"[0, 9]",72,1
114,0.5,6.208333333333343,13.624999999999941,114,504,496,0.1,"[0, 6]",71,1
115,0.5,6.208333333333343,13.624999999999941,115,505,499,0.1,[0],34,1
116,0.5,6.208333333333343,13.624999999999941,116,499,506,0.1,"[0, 2, 4, 5, 8]",100,1
117,0.5,6.208333333333343,13.624999999999941,117,497,498,0.1,[13],49,1
118,0.5,6.25000000000001,13.624999999999941,118,505,496,0.1,"[0, 6]",114,1
119,0.5,6.25000000000001,13.624999999999941,119,507,504,0.1,"[0, 2, 3]",67,1
120,0.5,6.25000000000001,13.624999999999941,120,504,507,0.1,"[0, 2, 4, 5, 14, 19]",98,1
121,0.5,6.291666666666677,13.624999999999941,121,505,508,0.1,"[0, 2, 4, 5, 14]",120,1
122,0.5,6.375000000000011,13.624999999999941,122,507,505,0.1,"[0, 2, 3]",119,1
123,0.5,6.375000000000011,13.624999999999941,123,499,498,0.1,[],78,1
124,0.5,6.375000000000011,13.624999999999941,124,496,499,0.1,"[11, 15]",94,1
125,0.5,6.375000000000011,13.624999999999941,125,498,501,0.1,"[11, 21]",23,1
126,0.5,6.416666666666678,13.624999999999941,126,497,496,0.1,[16],82,1
127,0.5,6.416666666666678,13.624999999999941,127,509,502,0.1,"[0, 2, 3]",99,1
128,0.5,6.416666666666678,13.624999999999941,128,500,505,0.1,"[0, 2, 4, 5, 8]",63,1
129,0.5,6.416666666666678,13.624999999999941,129,505,495,0.1,"[0, 6]",114,1
130,0.5,6.458333333333345,13.624999999999941,130,496,498,0.1,"[13, 28]",117,1
131,0.5,6.458333333333345,13.624999999999941,131,506,496,0.1,"[0, 6]",129,1
132,0.5,6.5000000000000115,13.624999999999941,132,497,500,0.1,"[11, 15]",124,1
133,0.5,6.5416666666666785,13.624999999999941,133,506,505,0.1,"[0, 2]",87,1
134,0.5,6.5833333333333455,13.624999999999941,134,496,495,0.1,[16],126,1
135,0.5,6.5833333333333455,7.458333333333352,135,496,497,0.1,[13],130,1
136,0.5,6.5833333333333455,13.624999999999941,136,498,507,0.1,"[0, 2, 4, 5, 8]",116,1
137,0.5,6.5833333333333455,13.624999999999941,137,499,494,0.1,"[0, 17]",74,1
138,0.5,6.5833333333333455,13.624999999999941,138,499,505,0.1,"[0, 2, 4, 5, 8]",100,1
139,0.5,6.5833333333333455,13.624999999999941,139,496,501,0.1,[11],108,1
140,0.5,6.625000000000012,10.749999999999982,140,509,504,0.1,"[0, 2, 3, 18]",109,1
141,0.5,6.625000000000012,13.624999999999941,141,505,494,0.1,[0],112,1
142,0.5,6.625000000000012,13.624999999999941,142,504,508,0.1,"[0, 2, 4, 5]",105,1
143,0.5,6.625000000000012,13.624999999999941,143,509,499,0.1,"[0, 2, 3]",85,1
144,0.5,6.625000000000012,13.624999999999941,144,499,503,0.1,[1],56,1
145,0.5,6.625000000000012,13.624999999999941,145,497,495,0.1,[],106,1
146,0.5,6.666666666666679,13.624999999999941,146,510,500,0.1,"[0, 2, 3]",104,1
147,0.5,6.666666666666679,13.624999999999941,147,500,504,0.1,"[0, 2]",75,1
148,0.5,6.666666666666679,10.708333333333316,148,503,494,0.1,[0],76,1
149,0.5,6.666666666666679,13.624999999999941,149,500,507,0.1,"[0, 2, 4, 5]",81,1
150,0.5,6.666666666666679,13.624999999999941,150,500,508,0.1,"[0, 2, 4, 5, 8]",111,1
151,0.5,6.666666666666679,13.624999999999941,151,508,505,0.1,"[0, 2, 3, 26]",119,1
152,0.5,6.666666666666679,13.624999999999941,152,503,508,0.1,"[0, 2, 4, 5]",105,1
153,0.5,6.666666666666679,13.624999999999941,153,497,508,0.1,"[0, 2, 4, 5, 8]",136,1
154,0.5,6.708333333333346,13.624999999999941,154,509,503,0.1,"[0, 2, 3, 24]",109,1
155,0.5,6.750000000000013,13.624999999999941,155,502,509,0.1,"[0, 2, 4, 5]",152,1
156,0.5,6.79166666666668,13.624999999999941,156,502,493,0.1,[0],80,1
157,0.5,6.79166666666668,13.624999999999941,157,509,500,0.1,"[0, 2]",59,1
158,0.5,6.875000000000014,9.208333333333337,158,498,505,0.1,"[0, 2, 4, 5, 8]",116,1
159,0.5,6.875000000000014,9.250000000000004,159,501,508,0.1,"[0, 2, 4, 5, 8]",111,1
160,0.5,6.875000000000014,13.624999999999941,160,510,505,0.1,"[0, 2, 3, 18]",140,1
161,0.5,6.916666666666681,13.624999999999941,161,502,492,0.1,[0],156,1
162,0.5,6.958333333333348,13.624999999999941,162,503,493,0.1,[0],148,1
163,0.5,6.958333333333348,13.624999999999941,163,496,496,0.1,"[16, 22]",126,1
164,0.5,7.000000000000015,13.624999999999941,164,511,501,0.1,"[0, 2, 3]",146,1
165,0.5,7.000000000000015,13.624999999999941,165,505,507,0.1,"[0, 2, 4, 5, 14, 19]",120,1
166,0.5,7.041666666666682,13.624999999999941,166,499,508,0.1,"[0, 2, 4, 5]",149,1
167,0.5,7.041666666666682,13.624999999999941,167,503,492,0.1,[0],156,1
168,0.5,7.041666666666682,13.624999999999941,168,498,506,0.1,"[0, 2, 4, 5, 8]",138,1
169,0.5,7.083333333333349,13.624999999999941,169,500,493,0.1,"[0, 20]",80,1
170,0.5,7.083333333333349,13.624999999999941,170,502,508,0.1,"[0, 2, 4, 5]",83,1
171,0.5,7.083333333333349,9.208333333333337,171,500,509,0.1,"[0, 2, 4, 5]",166,1
172,0.5,7.125000000000016,13.624999999999941,172,504,509,0.1,"[0, 2, 4, 5]",152,1
173,0.5,7.125000000000016,13.624999999999941,173,497,507,0.1,"[0, 2, 4, 5, 8]",136,1
174,0.5,7.125000000000016,13.624999999999941,174,498,508,0.1,"[0, 2, 4, 5, 8, 34]",153,1
175,0.5,7.125000000000016,13.624999999999941,175,506,495,0.1,[0],141,1
176,0.5,7.125000000000016,13.624999999999941,176,501,509,0.1,"[0, 2, 4, 5, 8]",159,1
177,0.5,7.166666666666683,13.624999999999941,177,510,501,0.1,"[0, 2, 3]",127,1
178,0.5,7.166666666666683,13.624999999999941,178,504,494,0.1,[0],141,1
179,0.5,7.166666666666683,13.624999999999941,179,510,502,0.1,"[0, 2, 3]",104,1
180,0.5,7.166666666666683,13.624999999999941,180,501,492,0.1,[0],93,1
181,0.5,7.20833333333335,13.624999999999941,181,510,504,0.1,"[0, 2, 3]",154,1
182,0.5,7.20833333333335,13.624999999999941,182,504,492,0.1,[0],162,1
183,0.5,7.20833333333335,13.624999999999941,183,497,502,0.1,"[11, 21]",125,1
184,0.5,7.20833333333335,13.624999999999941,184,510,499,0.1,"[0, 2, 3]",146,1
185,0.5,7.20833333333335,13.624999999999941,185,507,495,0.1,[0],175,1
186,0.5,7.250000000000017,13.624999999999941,186,497,494,0.1,[0],89,1
187,0.5,7.250000000000017,11.62499999999997,187,499,493,0.1,[0],91,1
188,0.5,7.250000000000017,13.624999999999941,188,509,506,0.1,"[0, 2, 3, 18]",160,1
189,0.5,7.291666666666684,13.624999999999941,189,498,494,0.1,[0],77,1
190,0.5,7.291666666666684,13.624999999999941,190,503,509,0.1,"[0, 2, 4, 5]",155,1
191,0.5,7.291666666666684,13.624999999999941,191,506,507,0.1,"[0, 2, 4, 5, 14, 19]",165,1
192,0.5,7.333333333333351,13.624999999999941,192,505,509,0.1,"[0, 2, 4, 5, 23]",142,1
193,0.5,7.333333333333351,13.624999999999941,193,511,502,0.1,"[0, 2, 3]",164,1
194,0.5,7.375000000000018,13.624999999999941,194,496,502,0.1,[11],108,1
195,0.5,7.416666666666685,13.499999999999943,195,498,502,0.1,[1],58,1
196,0.5,7.416666666666685,13.624999999999941,196,506,508,0.1,"[0, 2, 4, 5, 14, 19]",165,1
197,0.5,7.416666666666685,13.624999999999941,197,504,493,0.1,[0],162,1
198,0.5,7.416666666666685,13.624999999999941,198,498,493,0.1,"[0, 17]",137,1
199,0.5,7.416666666666685,13.624999999999941,199,496,500,0.1,"[11, 15]",132,1
200,0.5,7.416666666666685,13.624999999999941,200,501,491,0.1,"[0, 25]",161,1
201,0.5,7.458333333333352,13.624999999999941,201,499,507,0.1,"[0, 2, 4, 5, 8]",136,1
202,0.5,7.458333333333352,13.624999999999941,202,500,491,0.1,[0],200,1
203,0.5,7.458333333333352,13.624999999999941,203,506,494,0.1,[0],175,1
204,0.5,7.500000000000019,13.624999999999941,204,495,497,0.1,"[16, 22]",163,1
205,0.5,7.500000000000019,13.624999999999941,205,505,493,0.1,[0],178,1
206,0.5,7.500000000000019,13.624999999999941,206,504,491,0.1,[0],167,1
207,0.5,7.500000000000019,13.624999999999941,207,507,506,0.1,"[0, 2, 4, 5, 14, 19, 27]",191,1
208,0.5,7.500000000000019,13.624999999999941,208,506,497,0.1,"[0, 6]",69,1
209,0.5,7.500000000000019,13.624999999999941,209,498,503,0.1,[1],144,1
210,0.5,7.500000000000019,11.708333333333302,210,502,491,0.1,[0],161,1
211,0.5,7.541666666666686,13.624999999999941,211,508,498,0.1,"[0, 2, 3]",143,1
212,0.5,7.541666666666686,13.624999999999941,212,496,494,0.1,[],145,1
213,0.5,7.541666666666686,13.624999999999941,213,506,510,0.1,"[0, 2, 4, 5, 23]",192,1
214,0.5,7.541666666666686,13.624999999999941,214,511,500,0.1,"[0, 2, 3]",164,1
215,0.5,7.541666666666686,13.624999999999941,215,496,507,0.1,"[0, 2, 4, 5, 8, 33]",153,1
216,0.5,7.583333333333353,13.624999999999941,216,510,503,0.1,"[0, 2, 3, 24]",154,1
217,0.5,7.583333333333353,13.624999999999941,217,496,497,0.1,[16],126,1
218,0.5,7.583333333333353,13.624999999999941,218,504,510,0.1,"[0, 2, 4, 5]",190,1
219,0.5,7.6250000000000195,13.624999999999941,219,507,498,0.1,"[0, 2]",88,1
220,0.5,7.6250000000000195,13.624999999999941,220,499,492,0.1,"[0, 17]",198,1
221,0.5,7.6250000000000195,13.624999999999941,221,507,496,0.1,"[0, 6]",208,1
222,0.5,7.6250000000000195,13.624999999999941,222,506,506,0.1,"[0, 2, 3]",122,1
223,0.5,7.6666666666666865,13.624999999999941,223,512,501,0.1,"[0, 2, 3]",164,1
224,0.5,7.6666666666666865,13.624999999999941,224,511,503,0.1,"[0, 2, 3, 24]",216,1
225,0.5,7.6666666666666865,13.624999999999941,225,499,509,0.1,"[0, 2, 4, 5]",166,1
226,0.5,7.7083333333333535,13.624999999999941,226,509,505,0.1,"[0, 2, 3]",181,1
227,0.5,7.7083333333333535,13.624999999999941,227,503,510,0.1,"[0, 2, 4, 5]",172,1
228,0.5,7.7083333333333535,13.624999999999941,228,497,503,0.1,[1],195,1
229,0.5,7.7083333333333535,13.624999999999941,229,500,497,0.1,[0],33,1
230,0.5,7.7083333333333535,13.624999999999941,230,500,492,0.1,[0],180,1
231,0.5,7.75000000000002,13.624999999999941,231,501,490,0.1,"[0, 25]",200,1
232,0.5,7.75000000000002,8.166666666666686,232,507,497,0.1,"[0, 6]",221,1
233,0.5,7.75000000000002,13.624999999999941,233,495,501,0.1,"[11, 29]",139,1
234,0.5,7.75000000000002,13.624999999999941,234,500,503,0.1,"[0, 2, 4, 5, 8]",63,1
235,0.5,7.75000000000002,13.624999999999941,235,495,498,0.1,[13],130,1
236,0.5,7.75000000000002,13.624999999999941,236,499,491,0.1,[0],230,1
237,0.5,7.791666666666687,13.624999999999941,237,505,505,0.1,"[0, 2]",133,1
238,0.5,7.791666666666687,13.624999999999941,238,495,493,0.1,[],212,1
239,0.5,7.791666666666687,13.624999999999941,239,500,490,0.1,"[0, 25]",200,1
240,0.5,7.791666666666687,13.624999999999941,240,498,504,0.1,[1],228,1
241,0.5,7.791666666666687,13.624999999999941,241,495,506,0.1,"[0, 2, 4, 5, 8]",215,1
242,0.5,7.833333333333354,13.624999999999941,242,506,509,0.1,"[0, 2, 4, 5, 23]",192,1
243,0.5,7.833333333333354,13.624999999999941,243,497,506,0.1,"[0, 2, 4, 5, 8]",136,1
244,0.5,7.833333333333354,9.833333333333329,244,499,490,0.1,[0],202,1
245,0.5,7.833333333333354,13.624999999999941,245,508,506,0.1,"[0, 2, 3, 26]",151,1
246,0.5,7.833333333333354,12.874999999999952,246,502,510,0.1,"[0, 2, 4, 5, 8, 40]",176,1
247,0.5,7.833333333333354,13.624999999999941,247,495,502,0.1,"[11, 30]",194,1
248,0.5,7.875000000000021,13.624999999999941,248,497,493,0.1,[0],186,1
249,0.5,7.875000000000021,13.624999999999941,249,508,507,0.1,"[0, 2, 4, 5, 14, 19, 31]",207,1
250,0.5,7.875000000000021,13.624999999999941,250,497,492,0.1,"[0, 17]",198,1
251,0.5,7.875000000000021,13.624999999999941,251,495,503,0.1,[11],194,1
252,0.5,7.875000000000021,13.624999999999941,252,505,511,0.1,"[0, 2, 4, 5]",218,1
253,0.5,7.916666666666688,13.624999999999941,253,511,499,0.1,"[0, 2, 3]",214,1
254,0.5,7.916666666666688,13.624999999999941,254,498,492,0.1,[0],236,1
255,0.5,7.916666666666688,13.624999999999941,255,496,506,0.1,"[0, 2, 4, 5, 8]",215,1
256,0.5,7.916666666666688,13.624999999999941,256,511,504,0.1,"[0, 2, 3, 24]",216,1
257,0.5,8.000000000000021,13.624999999999941,257,498,489,0.1,[0],244,1
258,0.5,8.041666666666687,13.624999999999941,258,512,502,0.1,"[0, 2, 3, 24]",224,1
259,0.5,8.041666666666687,13.624999999999941,259,501,493,0.1,"[0, 20]",80,1
260,0.5,8.041666666666687,13.624999999999941,260,508,495,0.1,[0],185,1
261,0.5,8.083333333333353,11.374999999999973,261,503,491,0.1,[0],161,1
262,0.5,8.083333333333353,12.79166666666662,262,497,505,0.1,"[0, 2, 4, 5, 8]",168,1
263,0.5,8.083333333333353,13.624999999999941,263,507,507,0.1,"[0, 2, 4, 5, 14, 19, 27]",207,1
264,0.5,8.083333333333353,13.624999999999941,264,505,492,0.1,[0],197,1
265,0.5,8.083333333333353,13.624999999999941,265,505,510,0.1,"[0, 2, 4, 5, 23]",192,1
266,0.5,8.12500000000002,10.791666666666648,266,506,493,0.1,[0],203,1
267,0.5,8.12500000000002,13.624999999999941,267,499,504,0.1,"[0, 2, 4, 5, 8]",158,1
268,0.5,8.12500000000002,13.624999999999941,268,495,507,0.1,"[0, 2, 4, 5, 8]",241,1
269,0.5,8.12500000000002,12.874999999999952,269,494,504,0.1,[11],251,1
270,0.5,8.12500000000002,13.624999999999941,270,504,511,0.1,"[0, 2, 4, 5, 37]",218,1
271,0.5,8.12500000000002,13.624999999999941,271,503,490,0.1,[0],210,1
272,0.5,8.12500000000002,13.624999999999941,272,495,499,0.1,"[13, 28]",130,1
273,0.5,8.166666666666686,13.624999999999941,273,498,490,0.1,[0],236,1
274,0.5,8.166666666666686,13.624999999999941,274,513,501,0.1,"[0, 2, 3, 24]",258,1
275,0.5,8.166666666666686,12.874999999999952,275,507,497,0.1,"[0, 6]",208,1
276,0.5,8.208333333333352,13.624999999999941,276,507,493,0.1,[0],266,1
277,0.5,8.208333333333352,9.541666666666666,277,513,503,0.1,"[0, 2, 3, 24]",258,1
278,0.5,8.208333333333352,13.624999999999941,278,496,508,0.1,"[0, 2, 4, 5, 8]",215,1
279,0.5,8.208333333333352,13.624999999999941,279,496,505,0.1,"[0, 2, 4, 5, 8]",243,1
280,0.5,8.208333333333352,13.624999999999941,280,500,510,0.1,"[0, 2, 4, 5, 8]",176,1
281,0.5,8.250000000000018,13.624999999999941,281,502,490,0.1,"[0, 25]",200,1
282,0.5,8.250000000000018,13.624999999999941,282,495,496,0.1,[16],134,1
283,0.5,8.250000000000018,13.624999999999941,283,497,491,0.1,"[0, 17]",250,1
284,0.5,8.250000000000018,13.624999999999941,284,495,500,0.1,"[11, 29]",233,1
285,0.5,8.250000000000018,13.624999999999941,285,496,493,0.1,[0],186,1
286,0.5,8.291666666666684,13.624999999999941,286,502,489,0.1,[0],271,1
287,0.5,8.291666666666684,13.624999999999941,287,506,492,0.1,[0],266,1
288,0.5,8.291666666666684,13.624999999999941,288,495,494,0.1,[],212,1
289,0.5,8.291666666666684,13.624999999999941,289,496,492,0.1,[0],248,1
290,0.5,8.291666666666684,13.624999999999941,290,504,490,0.1,[0],261,1
291,0.5,8.291666666666684,13.624999999999941,291,511,498,0.1,"[0, 2, 3]",184,1
292,0.5,8.291666666666684,13.624999999999941,292,494,502,0.1,"[11, 30]",247,1
293,0.5,8.33333333333335,13.624999999999941,293,509,494,0.1,[0],260,1
294,0.5,8.33333333333335,13.624999999999941,294,507,510,0.1,"[0, 2, 4, 5, 23]",242,1
295,0.5,8.33333333333335,13.624999999999941,295,503,489,0.1,"[0, 25]",281,1
296,0.5,8.33333333333335,13.624999999999941,296,499,510,0.1,"[0, 2, 4, 5, 8]",280,1
297,0.5,8.33333333333335,13.624999999999941,297,504,489,0.1,[0],290,1
298,0.5,8.375000000000016,13.624999999999941,298,494,506,0.1,"[0, 2, 4, 5, 8]",241,1
299,0.5,8.375000000000016,13.624999999999941,299,512,500,0.1,"[0, 2, 3]",164,1
300,0.5,8.375000000000016,13.624999999999941,300,493,505,0.1,[11],269,1
301,0.5,8.375000000000016,13.624999999999941,301,507,508,0.1,"[0, 2, 4, 5, 14, 19]",191,1
302,0.5,8.375000000000016,13.624999999999941,302,510,506,0.1,"[0, 2, 3, 38]",226,1
303,0.5,8.375000000000016,11.916666666666632,303,513,502,0.1,"[0, 2, 3, 24]",258,1
304,0.5,8.375000000000016,13.624999999999941,304,503,511,0.1,"[0, 2, 4, 5, 32]",270,1
305,0.5,8.416666666666682,13.624999999999941,305,499,489,0.1,[0],273,1
306,0.5,8.416666666666682,13.624999999999941,306,494,495,0.1,[],288,1
307,0.5,8.416666666666682,13.624999999999941,307,507,494,0.1,[0],260,1
308,0.5,8.416666666666682,13.624999999999941,308,506,511,0.1,"[0, 2, 4, 5, 23, 36]",213,1
309,0.5,8.458333333333348,13.624999999999941,309,493,501,0.1,"[11, 30, 39]",292,1
310,0.5,8.458333333333348,13.624999999999941,310,495,492,0.1,[0],289,1
311,0.5,8.458333333333348,13.624999999999941,311,508,496,0.1,[0],185,1
312,0.5,8.500000000000014,13.624999999999941,312,514,501,0.1,"[0, 2, 3, 24]",303,1
313,0.5,8.500000000000014,13.624999999999941,313,498,491,0.1,[0],236,1
314,0.5,8.500000000000014,13.624999999999941,314,508,508,0.1,"[0, 2, 4, 5, 14, 19, 31]",249,1
315,0.5,8.500000000000014,13.624999999999941,315,508,497,0.1,"[0, 6]",275,1
316,0.5,8.54166666666668,13.624999999999941,316,494,501,0.1,"[11, 29]",284,1
317,0.5,8.54166666666668,13.624999999999941,317,500,502,0.1,[1],144,1
318,0.5,8.583333333333346,13.624999999999941,318,511,505,0.1,"[0, 2, 3, 18]",160,1
319,0.5,8.583333333333346,13.624999999999941,319,505,512,0.1,"[0, 2, 4, 5, 23]",308,1
320,0.5,8.583333333333346,13.624999999999941,320,503,512,0.1,"[0, 2, 4, 5, 32]",304,1
321,0.5,8.583333333333346,13.624999999999941,321,495,508,0.1,"[0, 2, 4, 5, 8, 33]",215,1
322,0.5,8.583333333333346,13.624999999999941,322,494,507,0.1,"[0, 2, 4, 5, 8]",241,1
323,0.5,8.583333333333346,13.624999999999941,323,498,509,0.1,"[0, 2, 4, 5]",166,1
324,0.5,8.625000000000012,13.624999999999941,324,497,509,0.1,"[0, 2, 4, 5, 8, 34]",174,1
325,0.5,8.625000000000012,13.624999999999941,325,499,488,0.1,[0],257,1
326,0.5,8.625000000000012,13.624999999999941,326,497,490,0.1,[0],313,1
327,0.5,8.625000000000012,13.624999999999941,327,505,504,0.1,"[0, 2, 7, 10, 35]",15,1
328,0.5,8.666666666666679,13.624999999999941,328,505,491,0.1,[0],182,1
329,0.5,8.666666666666679,12.749999999999954,329,512,499,0.1,"[0, 2, 3]",253,1
330,0.5,8.666666666666679,13.624999999999941,330,511,497,0.1,"[0, 2, 3]",291,1
331,0.5,8.666666666666679,13.624999999999941,331,507,512,0.1,"[0, 2, 4, 5, 23, 36]",308,1
332,0.5,8.708333333333345,13.624999999999941,332,494,505,0.1,"[0, 2, 4, 5, 8]",298,1
333,0.5,8.708333333333345,13.624999999999941,333,504,512,0.1,"[0, 2, 4, 5, 37]",270,1
334,0.5,8.708333333333345,13.624999999999941,334,509,507,0.1,"[0, 2, 3, 38]",302,1
335,0.5,8.708333333333345,13.624999999999941,335,496,503,0.1,[1],228,1
336,0.5,8.708333333333345,13.624999999999941,336,512,503,0.1,"[0, 2, 3]",193,1
337,0.5,8.708333333333345,13.624999999999941,337,497,504,0.1,[1],209,1
338,0.5,8.708333333333345,13.624999999999941,338,509,496,0.1,"[0, 6]",315,1
339,0.5,8.708333333333345,13.624999999999941,339,506,512,0.1,"[0, 2, 4, 5, 23, 36]",308,1
340,0.5,8.75000000000001,13.624999999999941,340,492,501,0.1,"[11, 30, 39]",309,1
341,0.5,8.75000000000001,13.624999999999941,341,494,500,0.1,"[11, 29]",284,1
342,0.5,8.75000000000001,13.624999999999941,342,502,513,0.1,"[0, 2, 4, 5, 32]",320,1
343,0.5,8.75000000000001,13.624999999999941,343,508,494,0.1,[0],293,1
344,0.5,8.75000000000001,13.624999999999941,344,495,495,0.1,"[16, 22]",163,1
345,0.5,8.791666666666677,13.624999999999941,345,493,506,0.1,"[0, 2, 4, 5, 8]",322,1
346,0.5,8.791666666666677,13.624999999999941,346,494,496,0.1,"[16, 22]",344,1
347,0.5,8.791666666666677,13.624999999999941,347,505,490,0.1,[0],290,1
348,0.5,8.791666666666677,12.624999999999956,348,510,507,0.1,"[0, 2, 3, 18]",188,1
349,0.5,8.791666666666677,13.624999999999941,349,509,498,0.1,"[0, 6]",315,1
350,0.5,8.833333333333343,13.624999999999941,350,497,489,0.1,"[0, 50]",273,1
351,0.5,8.833333333333343,13.624999999999941,351,494,497,0.1,[16],282,1
352,0.5,8.833333333333343,13.624999999999941,352,494,498,0.1,"[16, 22]",204,1
353,0.5,8.833333333333343,13.624999999999941,353,510,494,0.1,[0],293,1
354,0.5,8.875000000000009,13.624999999999941,354,503,513,0.1,"[0, 2, 4, 5, 32]",320,1
355,0.5,8.875000000000009,13.624999999999941,355,495,505,0.1,"[0, 2, 4, 5, 8]",279,1
356,0.5,8.875000000000009,13.624999999999941,356,505,489,0.1,[0],290,1
357,0.5,8.875000000000009,13.624999999999941,357,492,507,0.1,"[0, 2, 4, 5, 8]",345,1
358,0.5,8.875000000000009,13.624999999999941,358,501,510,0.1,"[0, 2, 4, 5]",155,1
359,0.5,8.875000000000009,13.624999999999941,359,507,511,0.1,"[0, 2, 4, 5, 23]",213,1
360,0.5,8.875000000000009,13.624999999999941,360,502,511,0.1,"[0, 2, 4, 5, 32]",304,1
361,0.5,8.916666666666675,13.624999999999941,361,493,500,0.1,"[11, 29]",341,1
362,0.5,8.916666666666675,13.624999999999941,362,496,491,0.1,"[0, 17]",250,1
363,0.5,8.916666666666675,13.624999999999941,363,496,504,0.1,[11],251,1
364,0.5,8.916666666666675,13.624999999999941,364,508,493,0.1,[0],276,1
365,0.5,8.916666666666675,13.624999999999941,365,494,499,0.1,"[13, 28]",272,1
366,0.5,8.958333333333341,13.624999999999941,366,497,488,0.1,"[0, 45]",257,1
367,0.5,8.958333333333341,13.624999999999941,367,494,503,0.1,"[11, 30]",247,1
368,0.5,8.958333333333341,13.624999999999941,368,507,509,0.1,"[0, 2, 4, 5, 23]",213,1
369,0.5,9.000000000000007,13.624999999999941,369,509,508,0.1,"[0, 2, 3, 38]",334,1
370,0.5,9.000000000000007,13.624999999999941,370,501,511,0.1,"[0, 2, 4, 5, 8, 40]",246,1
371,0.5,9.000000000000007,13.624999999999941,371,508,509,0.1,"[0, 2, 4, 5, 23]",368,1
372,0.5,9.000000000000007,13.624999999999941,372,495,504,0.1,"[0, 2, 4, 5, 8]",355,1
373,0.5,9.000000000000007,13.624999999999941,373,502,512,0.1,"[0, 2, 4, 5, 32]",304,1
374,0.5,9.000000000000007,13.624999999999941,374,508,512,0.1,"[0, 2, 4, 5, 23]",359,1
375,0.5,9.041666666666673,13.624999999999941,375,501,512,0.1,"[0, 2, 4, 5, 32]",360,1
376,0.5,9.041666666666673,13.624999999999941,376,508,492,0.1,[0],276,1
377,0.5,9.041666666666673,13.624999999999941,377,493,507,0.1,"[0, 2, 4, 5, 8]",298,1
378,0.5,9.08333333333334,13.624999999999941,378,514,502,0.1,"[0, 2, 3, 24]",274,1
379,0.5,9.08333333333334,13.624999999999941,379,493,504,0.1,"[0, 2, 4, 5, 8, 42]",332,1
380,0.5,9.08333333333334,13.624999999999941,380,500,487,0.1,[0],325,1
381,0.5,9.08333333333334,13.624999999999941,381,493,503,0.1,"[11, 30]",292,1
382,0.5,9.125000000000005,13.624999999999941,382,493,497,0.1,[16],351,1
383,0.5,9.125000000000005,13.624999999999941,383,509,493,0.1,[0],293,1
384,0.5,9.125000000000005,13.624999999999941,384,504,488,0.1,"[0, 25]",295,1
385,0.5,9.125000000000005,13.624999999999941,385,491,500,0.1,"[11, 30, 39]",340,1
386,0.5,9.166666666666671,13.624999999999941,386,511,506,0.1,"[0, 2, 3, 18, 41]",318,1
387,0.5,9.166666666666671,13.624999999999941,387,501,489,0.1,"[0, 25]",281,1
388,0.5,9.166666666666671,13.624999999999941,388,509,509,0.1,"[0, 2, 4, 5, 14, 19, 31]",314,1
389,0.5,9.208333333333337,13.624999999999941,389,511,507,0.1,"[0, 2, 3, 18, 47]",348,1
390,0.5,9.208333333333337,13.624999999999941,390,498,505,0.1,[1],337,1
391,0.5,9.208333333333337,13.624999999999941,391,493,502,0.1,"[11, 30]",292,1
392,0.5,9.208333333333337,13.624999999999941,392,512,504,0.1,"[0, 2, 3, 24]",224,1
393,0.5,9.208333333333337,9.833333333333329,393,508,513,0.1,"[0, 2, 4, 5, 23, 36]",331,1
394,0.5,9.250000000000004,13.624999999999941,394,494,508,0.1,"[0, 2, 4, 5, 8]",377,1
395,0.5,9.250000000000004,13.624999999999941,395,509,497,0.1,"[0, 6]",315,1
396,0.5,9.250000000000004,13.624999999999941,396,494,509,0.1,"[0, 2, 4, 5, 8, 33]",321,1
397,0.5,9.250000000000004,13.624999999999941,397,492,497,0.1,[16],382,1
398,0.5,9.250000000000004,13.624999999999941,398,502,488,0.1,"[0, 25]",295,1
399,0.5,9.29166666666667,11.041666666666645,399,498,488,0.1,[0],325,1
400,0.5,9.29166666666667,13.624999999999941,400,513,504,0.1,"[0, 2, 3, 24]",277,1
401,0.5,9.29166666666667,13.624999999999941,401,497,510,0.1,"[0, 2, 4, 5]",323,1
402,0.5,9.29166666666667,13.624999999999941,402,509,510,0.1,"[0, 2, 4, 5, 14, 19, 31]",388,1
403,0.5,9.29166666666667,13.624999999999941,403,509,495,0.1,[0],343,1
404,0.5,9.29166666666667,13.624999999999941,404,492,508,0.1,"[0, 2, 4, 5, 8]",377,1
405,0.5,9.333333333333336,13.624999999999941,405,515,501,0.1,"[0, 2, 3, 24]",312,1
406,0.5,9.333333333333336,13.624999999999941,406,508,511,0.1,"[0, 2, 4, 5, 23, 36]",331,1
407,0.5,9.333333333333336,13.624999999999941,407,493,498,0.1,"[16, 22]",352,1
408,0.5,9.333333333333336,13.624999999999941,408,514,503,0.1,"[0, 2, 3, 24, 46]",303,1
409,0.5,9.333333333333336,13.624999999999941,409,510,497,0.1,"[0, 6]",349,1
410,0.5,9.333333333333336,13.624999999999941,410,500,489,0.1,"[0, 25]",239,1
411,0.5,9.333333333333336,13.624999999999941,411,512,505,0.1,"[0, 2, 3, 24]",256,1
412,0.5,9.333333333333336,9.874999999999995,412,496,509,0.1,"[0, 2, 4, 5, 8, 43]",153,1
413,0.5,9.333333333333336,13.624999999999941,413,505,513,0.1,"[0, 2, 4, 5, 23, 36, 48]",339,1
414,0.5,9.333333333333336,13.624999999999941,414,511,495,0.1,[0],353,1
415,0.5,9.375000000000002,13.624999999999941,415,495,509,0.1,"[0, 2, 4, 5, 8, 33]",321,1
416,0.5,9.375000000000002,10.291666666666655,416,512,506,0.1,"[0, 2, 3, 18]",318,1
417,0.5,9.375000000000002,13.624999999999941,417,508,510,0.1,"[0, 2, 4, 5, 23]",371,1
418,0.5,9.375000000000002,13.624999999999941,418,515,503,0.1,"[0, 2, 3, 24]",408,1
419,0.5,9.375000000000002,12.624999999999956,419,515,502,0.1,"[0, 2, 3, 24]",378,1
420,0.5,9.375000000000002,13.624999999999941,420,510,498,0.1,"[0, 2, 3]",143,1
421,0.5,9.375000000000002,13.624999999999941,421,493,496,0.1,[54],306,1
422,0.5,9.416666666666668,13.624999999999941,422,498,510,0.1,"[0, 2, 4, 5]",323,1
423,0.5,9.416666666666668,11.208333333333309,423,494,494,0.1,"[16, 22, 44]",344,1
424,0.5,9.416666666666668,13.624999999999941,424,496,510,0.1,"[0, 2, 4, 5, 8, 33]",415,1
425,0.5,9.458333333333334,13.624999999999941,425,493,508,0.1,"[0, 2, 4, 5, 8, 33]",396,1
426,0.5,9.458333333333334,13.624999999999941,426,512,507,0.1,"[0, 2, 3, 18, 41]",386,1
427,0.5,9.458333333333334,13.624999999999941,427,516,501,0.1,"[0, 2, 3, 24]",405,1
428,0.5,9.458333333333334,13.624999999999941,428,500,488,0.1,"[0, 25]",410,1
429,0.5,9.458333333333334,13.624999999999941,429,500,509,0.1,"[0, 2, 4, 5]",166,1
430,0.5,9.5,13.624999999999941,430,492,502,0.1,"[11, 30, 39]",309,1
431,0.5,9.5,13.624999999999941,431,501,503,0.1,[1],317,1
432,0.5,9.5,13.624999999999941,432,492,504,0.1,"[0, 2, 4, 5, 8, 42]",379,1
433,0.5,9.541666666666666,11.749999999999968,433,501,508,0.1,"[0, 2, 4, 5, 8]",150,1
434,0.5,9.541666666666666,13.624999999999941,434,510,508,0.1,"[0, 2, 3, 38]",334,1
435,0.5,9.541666666666666,13.624999999999941,435,494,510,0.1,"[0, 2, 4, 5, 8, 33, 53]",415,1
436,0.5,9.541666666666666,13.624999999999941,436,506,489,0.1,[0],356,1
437,0.5,9.583333333333332,13.624999999999941,437,495,510,0.1,"[0, 2, 4, 5, 8, 43]",412,1
438,0.5,9.583333333333332,13.624999999999941,438,492,503,0.1,"[0, 2, 4, 5, 8, 42]",432,1
439,0.5,9.583333333333332,13.624999999999941,439,506,490,0.1,[0],356,1
440,0.5,9.583333333333332,13.624999999999941,440,503,488,0.1,"[0, 25]",398,1
441,0.5,9.624999999999998,13.624999999999941,441,512,508,0.1,"[0, 2, 3, 18]",389,1
442,0.5,9.624999999999998,13.624999999999941,442,512,498,0.1,"[0, 2, 3]",291,1
443,0.5,9.666666666666664,13.624999999999941,443,500,511,0.1,"[0, 2, 4, 5, 8, 40]",370,1
444,0.5,9.70833333333333,13.624999999999941,444,495,511,0.1,"[0, 2, 4, 5, 8, 43]",437,1
445,0.5,9.70833333333333,13.624999999999941,445,507,492,0.1,[0],276,1
446,0.5,9.70833333333333,13.624999999999941,446,508,514,0.1,"[0, 2, 4, 5, 23, 36]",393,1
447,0.5,9.749999999999996,11.208333333333309,447,500,512,0.1,"[0, 2, 4, 5, 8, 40]",370,1
448,0.5,9.749999999999996,13.624999999999941,448,504,513,0.1,"[0, 2, 4, 5, 23]",319,1
449,0.5,9.749999999999996,13.624999999999941,449,513,503,0.1,"[0, 2, 3, 24]",303,1
450,0.5,9.749999999999996,13.624999999999941,450,513,508,0.1,"[0, 2, 3, 18]",441,1
451,0.5,9.749999999999996,13.624999999999941,451,493,495,0.1,"[16, 22, 44]",423,1
452,0.5,9.749999999999996,13.624999999999941,452,492,506,0.1,"[0, 2, 4, 5, 8]",345,1
453,0.5,9.749999999999996,10.749999999999982,453,507,513,0.1,"[0, 2, 4, 5, 23, 36]",339,1
454,0.5,9.791666666666663,13.624999999999941,454,514,508,0.1,"[0, 2, 3, 18]",450,1
455,0.5,9.791666666666663,13.624999999999941,455,511,496,0.1,"[0, 6]",409,1
456,0.5,9.833333333333329,13.624999999999941,456,496,489,0.1,"[0, 45]",366,1
457,0.5,9.874999999999995,13.624999999999941,457,492,505,0.1,"[0, 2, 4, 5, 8, 42]",379,1
458,0.5,9.874999999999995,13.624999999999941,458,499,511,0.1,"[0, 2, 4, 5, 8]",280,1
459,0.5,9.874999999999995,13.624999999999941,459,514,504,0.1,"[0, 2, 3, 24]",408,1
460,0.5,9.874999999999995,13.624999999999941,460,499,490,0.1,[0],313,1
461,0.5,9.874999999999995,13.624999999999941,461,491,496,0.1,[16],397,1
462,0.5,9.874999999999995,13.624999999999941,462,494,493,0.1,[],288,1
463,0.5,9.874999999999995,13.624999999999941,463,491,503,0.1,"[0, 2, 4, 5, 8, 42]",432,1
464,0.5,9.874999999999995,13.624999999999941,464,513,500,0.1,"[0, 2, 3, 24]",274,1
465,0.5,9.874999999999995,13.624999999999941,465,496,509,0.1,"[0, 2, 4, 5, 8]",278,1
466,0.5,9.91666666666666,13.624999999999941,466,492,499,0.1,"[11, 30, 39]",385,1
467,0.5,9.91666666666666,13.624999999999941,467,516,503,0.1,"[0, 2, 3, 24]",419,1
468,0.5,9.91666666666666,13.624999999999941,468,493,494,0.1,[],306,1
469,0.5,9.91666666666666,13.624999999999941,469,513,499,0.1,"[0, 2, 3, 24]",464,1
470,0.5,9.91666666666666,13.624999999999941,470,501,488,0.1,"[0, 25]",410,1
471,0.5,9.91666666666666,13.624999999999941,471,515,504,0.1,"[0, 2, 3, 24, 46]",408,1
472,0.5,9.91666666666666,13.624999999999941,472,513,505,0.1,"[0, 2, 3, 24]",411,1
473,0.5,9.958333333333327,13.624999999999941,473,511,508,0.1,"[0, 2, 3, 18, 47]",389,1
474,0.5,9.999999999999993,13.624999999999941,474,516,505,0.1,"[0, 2, 3, 24, 46, 49, 58]",471,1
475,0.5,9.999999999999993,13.624999999999941,475,491,499,0.1,"[11, 30, 39]",466,1
476,0.5,9.999999999999993,13.624999999999941,476,512,496,0.1,"[0, 6]",455,1
477,0.5,9.999999999999993,13.624999999999941,477,496,490,0.1,"[0, 17]",362,1
478,0.5,9.999999999999993,13.624999999999941,478,497,511,0.1,"[0, 2, 4, 5]",422,1
479,0.5,9.999999999999993,13.624999999999941,479,513,507,0.1,"[0, 2, 3, 18]",416,1
480,0.5,9.999999999999993,13.624999999999941,480,493,493,0.1,[],462,1
481,0.5,9.999999999999993,13.624999999999941,481,498,511,0.1,"[0, 2, 4, 5, 8]",296,1
482,0.5,9.999999999999993,13.624999999999941,482,505,503,0.1,"[0, 2, 7, 10, 35]",15,1
483,0.5,10.041666666666659,13.624999999999941,483,496,512,0.1,"[0, 2, 4, 5, 8, 43]",444,1
484,0.5,10.041666666666659,13.624999999999941,484,503,487,0.1,"[0, 25]",384,1
485,0.5,10.041666666666659,13.624999999999941,485,510,495,0.1,[0],353,1
486,0.5,10.041666666666659,13.624999999999941,486,506,491,0.1,[0],347,1
487,0.5,10.041666666666659,13.624999999999941,487,513,506,0.1,"[0, 2, 3, 18]",416,1
488,0.5,10.083333333333325,13.624999999999941,488,497,512,0.1,"[0, 2, 4, 5, 8]",481,1
489,0.5,10.083333333333325,13.624999999999941,489,491,497,0.1,[16],397,1
490,0.5,10.083333333333325,13.624999999999941,490,490,502,0.1,"[0, 2, 4, 5, 8, 42]",463,1
491,0.5,10.083333333333325,13.624999999999941,491,506,514,0.1,"[0, 2, 4, 5, 23, 36, 52, 57]",453,1
492,0.5,10.083333333333325,13.624999999999941,492,491,506,0.1,"[0, 2, 4, 5, 8, 55]",452,1
493,0.5,10.124999999999991,13.624999999999941,493,505,487,0.1,"[0, 25]",384,1
494,0.5,10.124999999999991,13.624999999999941,494,490,500,0.1,"[11, 30, 39]",475,1
495,0.5,10.124999999999991,13.624999999999941,495,513,498,0.1,"[0, 2, 3]",329,1
496,0.5,10.166666666666657,13.624999999999941,496,510,496,0.1,"[0, 6]",409,1
497,0.5,10.166666666666657,13.624999999999941,497,505,514,0.1,"[0, 2, 4, 5, 23, 36, 48, 67]",413,1
498,0.5,10.166666666666657,13.624999999999941,498,514,505,0.1,"[0, 2, 3, 24]",472,1
499,0.5,10.24999999999999,13.624999999999941,499,491,507,0.1,"[0, 2, 4, 5, 8]",357,1
500,0.5,10.24999999999999,13.624999999999941,500,508,513,0.1,"[0, 2, 4, 5, 23]",374,1
501,0.5,10.24999999999999,13.624999999999941,501,505,515,0.1,"[0, 2, 4, 5, 23, 36]",491,1
502,0.5,10.24999999999999,13.624999999999941,502,498,512,0.1,"[0, 2, 4, 5]",478,1
503,0.5,10.24999999999999,13.624999999999941,503,491,505,0.1,"[0, 2, 4, 5, 8]",452,1
504,0.5,10.24999999999999,13.624999999999941,504,516,502,0.1,"[0, 2, 3, 24]",467,1
505,0.5,10.291666666666655,13.624999999999941,505,517,505,0.1,"[0, 2, 3, 24, 46, 49]",474,1
506,0.5,10.291666666666655,13.624999999999941,506,505,516,0.1,"[0, 2, 4, 5, 23, 36]",501,1
507,0.5,10.333333333333321,13.624999999999941,507,504,514,0.1,"[0, 2, 4, 5, 23, 56]",448,1
508,0.5,10.333333333333321,13.624999999999941,508,491,504,0.1,"[0, 2, 4, 5, 8, 42]",457,1
509,0.5,10.333333333333321,13.624999999999941,509,514,500,0.1,"[0, 2, 3, 24]",274,1
510,0.5,10.333333333333321,13.624999999999941,510,493,509,0.1,"[0, 2, 4, 5, 8, 33, 51]",396,1
511,0.5,10.374999999999988,13.624999999999941,511,495,512,0.1,"[0, 2, 4, 5, 8, 43]",483,1
512,0.5,10.374999999999988,13.624999999999941,512,514,499,0.1,"[0, 2, 3, 24]",464,1
513,0.5,10.374999999999988,13.624999999999941,513,492,494,0.1,[],480,1
514,0.5,10.374999999999988,13.624999999999941,514,493,510,0.1,"[0, 2, 4, 5, 8, 33]",396,1
515,0.5,10.374999999999988,13.624999999999941,515,510,510,0.1,"[0, 2, 4, 5, 14, 19, 31]",388,1
516,0.5,10.374999999999988,13.624999999999941,516,495,490,0.1,"[0, 17]",477,1
517,0.5,10.374999999999988,13.583333333333275,517,496,513,0.1,"[0, 2, 4, 5, 8]",488,1
518,0.5,10.416666666666654,13.624999999999941,518,494,491,0.1,[0],310,1
519,0.5,10.416666666666654,13.624999999999941,519,496,488,0.1,"[0, 50]",350,1
520,0.5,10.416666666666654,13.624999999999941,520,495,491,0.1,[0],289,1
521,0.5,10.416666666666654,13.624999999999941,521,510,509,0.1,"[0, 2, 3, 38]",434,1
522,0.5,10.416666666666654,13.624999999999941,522,508,491,0.1,[0],445,1
523,0.5,10.45833333333332,13.624999999999941,523,509,492,0.1,[0],383,1
524,0.5,10.45833333333332,13.624999999999941,524,494,511,0.1,"[0, 2, 4, 5, 8, 33, 62]",435,1
525,0.5,10.45833333333332,13.624999999999941,525,492,500,0.1,"[11, 30, 39]",466,1
526,0.5,10.45833333333332,13.624999999999941,526,504,487,0.1,"[0, 25]",384,1
527,0.5,10.45833333333332,13.624999999999941,527,492,496,0.1,[16],382,1
528,0.5,10.45833333333332,13.624999999999941,528,493,492,0.1,[0],518,1
529,0.5,10.45833333333332,13.624999999999941,529,497,513,0.1,"[0, 2, 4, 5, 8]",488,1
530,0.5,10.45833333333332,13.624999999999941,530,492,510,0.1,"[0, 2, 4, 5, 8, 33, 51]",510,1
531,0.5,10.499999999999986,13.624999999999941,531,492,493,0.1,[],468,1
532,0.5,10.499999999999986,13.624999999999941,532,501,513,0.1,"[0, 2, 4, 5, 8, 40]",447,1
533,0.5,10.499999999999986,13.624999999999941,533,502,487,0.1,"[0, 25]",398,1
534,0.5,10.499999999999986,10.958333333333313,534,491,508,0.1,"[0, 2, 4, 5, 8]",357,1
535,0.5,10.541666666666652,13.624999999999941,535,491,493,0.1,[],513,1
536,0.5,10.541666666666652,13.624999999999941,536,492,509,0.1,"[0, 2, 4, 5, 8]",404,1
537,0.5,10.541666666666652,13.624999999999941,537,494,492,0.1,[0],310,1
538,0.5,10.541666666666652,13.624999999999941,538,491,502,0.1,"[0, 2, 4, 5, 8, 42]",438,1
539,0.5,10.541666666666652,13.624999999999941,539,500,513,0.1,"[0, 2, 4, 5, 32]",375,1
540,0.5,10.541666666666652,13.624999999999941,540,507,489,0.1,[0],439,1
541,0.5,10.583333333333318,13.624999999999941,541,517,501,0.1,"[0, 2, 3, 24]",504,1
542,0.5,10.583333333333318,13.624999999999941,542,492,492,0.1,[],531,1
543,0.5,10.583333333333318,13.624999999999941,543,506,513,0.1,"[0, 2, 4, 5, 23, 36, 52]",491,1
544,0.5,10.583333333333318,13.333333333333279,544,515,500,0.1,"[0, 2, 3, 24]",312,1
545,0.5,10.583333333333318,12.04166666666663,545,499,512,0.1,"[0, 2, 4, 5, 8]",458,1
546,0.5,10.583333333333318,13.624999999999941,546,502,486,0.1,"[0, 25]",484,1
547,0.5,10.624999999999984,13.624999999999941,547,503,486,0.1,"[0, 25]",546,1
548,0.5,10.624999999999984,13.624999999999941,548,507,488,0.1,[0],436,1
549,0.5,10.624999999999984,13.624999999999941,549,517,502,0.1,"[0, 2, 3, 24]",427,1
550,0.5,10.624999999999984,11.999999999999964,550,494,490,0.1,"[0, 17]",516,1
551,0.5,10.624999999999984,13.624999999999941,551,511,509,0.1,"[0, 2, 3, 38]",434,1
552,0.5,10.624999999999984,13.624999999999941,552,491,509,0.1,"[0, 2, 4, 5, 8]",534,1
553,0.5,10.624999999999984,13.624999999999941,553,493,511,0.1,"[0, 2, 4, 5, 8, 33, 53]",435,1
554,0.5,10.624999999999984,13.624999999999941,554,498,487,0.1,[0],325,1
555,0.5,10.624999999999984,13.374999999999945,555,512,506,0.1,"[0, 2, 3, 18]",318,1
556,0.5,10.624999999999984,13.624999999999941,556,493,499,0.1,"[11, 29]",341,1
557,0.5,10.66666666666665,11.708333333333302,557,492,495,0.1,[54],421,1
558,0.5,10.66666666666665,13.624999999999941,558,498,514,0.1,"[0, 2, 4, 5, 8]",529,1
559,0.5,10.66666666666665,13.624999999999941,559,505,488,0.1,"[0, 25]",384,1
560,0.5,10.66666666666665,13.624999999999941,560,515,505,0.1,"[0, 2, 3, 24]",459,1
561,0.5,10.66666666666665,13.624999999999941,561,499,486,0.1,[0],554,1
562,0.5,10.708333333333316,13.624999999999941,562,493,490,0.1,"[0, 17]",550,1
563,0.5,10.708333333333316,13.624999999999941,563,514,506,0.1,"[0, 2, 3, 24]",472,1
564,0.5,10.708333333333316,13.624999999999941,564,509,513,0.1,"[0, 2, 4, 5, 23, 69]",500,1
565,0.5,10.708333333333316,13.624999999999941,565,513,509,0.1,"[0, 2, 3, 18]",441,1
566,0.5,10.749999999999982,13.624999999999941,566,511,510,0.1,"[0, 2, 3, 38]",551,1
567,0.5,10.749999999999982,13.624999999999941,567,509,504,0.1,"[0, 2, 3]",226,1
568,0.5,10.749999999999982,13.624999999999941,568,512,509,0.1,"[0, 2, 3, 18, 47]",473,1
569,0.5,10.749999999999982,13.624999999999941,569,518,503,0.1,"[0, 2, 3, 24]",549,1
570,0.5,10.749999999999982,13.624999999999941,570,515,498,0.1,"[0, 2, 3, 24]",512,1
571,0.5,10.749999999999982,13.624999999999941,571,514,507,0.1,"[0, 2, 3, 18]",450,1
572,0.5,10.749999999999982,13.624999999999941,572,503,494,0.1,[0],76,1
573,0.5,10.791666666666648,13.624999999999941,573,512,495,0.1,"[0, 6]",476,1
574,0.5,10.791666666666648,13.20833333333328,574,493,491,0.1,[0],537,1
575,0.5,10.791666666666648,11.708333333333302,575,506,487,0.1,[0],548,1
576,0.5,10.791666666666648,13.624999999999941,576,490,506,0.1,"[0, 2, 4, 5, 8, 55]",492,1
577,0.5,10.791666666666648,13.624999999999941,577,506,488,0.1,[0],356,1
578,0.5,10.791666666666648,13.624999999999941,578,501,487,0.1,"[0, 25, 61]",470,1
579,0.5,10.791666666666648,13.624999999999941,579,510,514,0.1,"[0, 2, 4, 5, 23]",564,1
580,0.5,10.791666666666648,13.624999999999941,580,506,493,0.1,[0],445,1
581,0.5,10.833333333333314,13.624999999999941,581,515,507,0.1,"[0, 2, 3, 18, 63]",454,1
582,0.5,10.833333333333314,13.624999999999941,582,502,514,0.1,"[0, 2, 4, 5, 32]",354,1
583,0.5,10.833333333333314,13.624999999999941,583,491,510,0.1,"[0, 2, 4, 5, 8, 33, 51, 85]",530,1
584,0.5,10.833333333333314,13.624999999999941,584,507,491,0.1,[0],376,1
585,0.5,10.833333333333314,13.624999999999941,585,501,514,0.1,"[0, 2, 4, 5, 8, 40]",532,1
586,0.5,10.833333333333314,13.624999999999941,586,512,494,0.1,"[0, 79]",414,1
587,0.5,10.833333333333314,13.624999999999941,587,518,500,0.1,"[0, 2, 3, 24]",541,1
588,0.5,10.833333333333314,13.624999999999941,588,491,498,0.1,"[11, 30, 39]",466,1
589,0.5,10.87499999999998,13.624999999999941,589,490,507,0.1,"[0, 2, 4, 5, 8]",499,1
590,0.5,10.87499999999998,13.624999999999941,590,512,510,0.1,"[0, 2, 3, 38]",566,1
591,0.5,10.87499999999998,13.624999999999941,591,507,490,0.1,[0],436,1
592,0.5,10.87499999999998,11.291666666666641,592,494,489,0.1,"[0, 17]",516,1
593,0.5,10.87499999999998,13.624999999999941,593,514,498,0.1,"[0, 2, 3, 24]",469,1
594,0.5,10.87499999999998,13.624999999999941,594,496,511,0.1,"[0, 2, 4, 5, 8, 43]",437,1
595,0.5,10.87499999999998,13.624999999999941,595,510,513,0.1,"[0, 2, 4, 5, 23]",564,1
596,0.5,10.87499999999998,13.624999999999941,596,510,511,0.1,"[0, 2, 4, 5, 14, 19, 31]",515,1
597,0.5,10.87499999999998,13.624999999999941,597,507,513,0.1,"[0, 2, 4, 5, 23, 36]",331,1
598,0.5,10.87499999999998,13.624999999999941,598,516,504,0.1,"[0, 2, 3, 24, 46]",471,1
599,0.5,10.916666666666647,13.624999999999941,599,509,491,0.1,[0],376,1
600,0.5,10.916666666666647,13.624999999999941,600,507,515,0.1,"[0, 2, 4, 5, 23, 36, 52]",491,1
601,0.5,10.916666666666647,13.624999999999941,601,513,496,0.1,"[0, 6]",573,1
602,0.5,10.916666666666647,13.624999999999941,602,491,501,0.1,"[11, 30, 39]",430,1
603,0.5,10.916666666666647,13.624999999999941,603,498,513,0.1,"[0, 2, 4, 5, 8]",488,1
604,0.5,10.916666666666647,11.374999999999973,604,510,493,0.1,[0],353,1
605,0.5,10.916666666666647,13.624999999999941,605,500,514,0.1,"[0, 2, 4, 5, 8, 40]",532,1
606,0.5,10.916666666666647,11.583333333333304,606,495,513,0.1,"[0, 2, 4, 5, 8, 43]",483,1
607,0.5,10.916666666666647,13.624999999999941,607,491,495,0.1,[16],527,1
608,0.5,10.916666666666647,13.624999999999941,608,517,503,0.1,"[0, 2, 3, 24, 60]",504,1
609,0.5,10.916666666666647,13.624999999999941,609,492,498,0.1,[16],397,1
610,0.5,10.916666666666647,13.624999999999941,610,503,500,0.1,"[0, 2]",26,1
611,0.5,10.916666666666647,13.624999999999941,611,491,492,0.1,[],542,1
612,0.5,10.958333333333313,13.624999999999941,612,489,506,0.1,"[0, 2, 4, 5, 8]",589,1
613,0.5,10.958333333333313,13.624999999999941,613,499,513,0.1,"[0, 2, 4, 5]",502,1
614,0.5,10.999999999999979,13.624999999999941,614,497,514,0.1,"[0, 2, 4, 5, 8]",529,1
615,0.5,10.999999999999979,13.624999999999941,615,517,506,0.1,"[0, 2, 3, 24, 46, 49]",474,1
616,0.5,10.999999999999979,13.624999999999941,616,515,499,0.1,"[0, 2, 3, 24]",512,1
617,0.5,10.999999999999979,13.624999999999941,617,509,512,0.1,"[0, 2, 4, 5, 23]",564,1
618,0.5,10.999999999999979,13.624999999999941,618,504,515,0.1,"[0, 2, 4, 5, 23, 56]",507,1
619,0.5,10.999999999999979,13.624999999999941,619,519,502,0.1,"[0, 2, 3, 24]",569,1
620,0.5,11.041666666666645,13.624999999999941,620,509,490,0.1,"[0, 59]",599,1
621,0.5,11.041666666666645,13.624999999999941,621,507,501,0.1,"[0, 2]",55,1
622,0.5,11.041666666666645,13.624999999999941,622,513,497,0.1,"[0, 2, 3, 24]",593,1
623,0.5,11.041666666666645,13.624999999999941,623,499,487,0.1,"[0, 25]",428,1
624,0.5,11.041666666666645,13.624999999999941,624,515,506,0.1,"[0, 2, 3, 18]",571,1
625,0.5,11.041666666666645,13.624999999999941,625,495,514,0.1,"[0, 2, 4, 5, 8]",517,1
626,0.5,11.08333333333331,13.624999999999941,626,516,506,0.1,"[0, 2, 3, 18]",624,1
627,0.5,11.08333333333331,13.624999999999941,627,495,488,0.1,"[0, 17, 71]",592,1
628,0.5,11.08333333333331,13.624999999999941,628,507,514,0.1,"[0, 2, 4, 5, 23, 36, 52, 57]",491,1
629,0.5,11.08333333333331,13.624999999999941,629,489,505,0.1,"[0, 2, 4, 5, 8, 55]",576,1
630,0.5,11.124999999999977,13.624999999999941,630,495,489,0.1,"[0, 17]",516,1
631,0.5,11.124999999999977,13.624999999999941,631,498,488,0.1,[0],257,1
632,0.5,11.124999999999977,13.624999999999941,632,516,507,0.1,"[0, 2, 3, 18]",581,1
633,0.5,11.124999999999977,13.624999999999941,633,505,486,0.1,"[0, 25]",493,1
634,0.5,11.124999999999977,13.624999999999941,634,490,503,0.1,"[0, 2, 4, 5, 8, 42]",538,1
635,0.5,11.124999999999977,11.791666666666634,635,510,512,0.1,"[0, 2, 4, 5, 23]",595,1
636,0.5,11.166666666666643,13.624999999999941,636,509,514,0.1,"[0, 2, 4, 5, 23, 36]",446,1
637,0.5,11.166666666666643,13.624999999999941,637,512,497,0.1,"[0, 2, 3]",291,1
638,0.5,11.166666666666643,13.624999999999941,638,516,500,0.1,"[0, 2, 3, 24]",405,1
639,0.5,11.166666666666643,13.624999999999941,639,509,511,0.1,"[0, 2, 4, 5, 14, 19, 31]",515,1
640,0.5,11.166666666666643,13.624999999999941,640,497,487,0.1,"[0, 50]",519,1
641,0.5,11.166666666666643,13.624999999999941,641,489,507,0.1,"[0, 2, 4, 5, 8, 55]",576,1
642,0.5,11.208333333333309,13.624999999999941,642,490,495,0.1,[16],461,1
643,0.5,11.208333333333309,13.624999999999941,643,503,514,0.1,"[0, 2, 4, 5, 23, 56]",507,1
644,0.5,11.208333333333309,13.624999999999941,644,494,512,0.1,"[0, 2, 4, 5, 8, 43]",444,1
645,0.5,11.208333333333309,13.624999999999941,645,503,485,0.1,"[0, 25]",547,1
646,0.5,11.208333333333309,13.624999999999941,646,504,486,0.1,"[0, 25]",484,1
647,0.5,11.208333333333309,13.624999999999941,647,500,486,0.1,[0],380,1
648,0.5,11.208333333333309,13.624999999999941,648,519,499,0.1,"[0, 2, 3, 24]",587,1
649,0.5,11.208333333333309,13.624999999999941,649,517,508,0.1,"[0, 2, 3, 18]",632,1
650,0.5,11.249999999999975,13.624999999999941,650,517,507,0.1,"[0, 2, 3, 18]",626,1
651,0.5,11.249999999999975,13.624999999999941,651,508,490,0.1,[0],584,1
652,0.5,11.249999999999975,13.624999999999941,652,494,488,0.1,"[0, 17, 66]",627,1
653,0.5,11.249999999999975,13.624999999999941,653,511,511,0.1,"[0, 2, 3, 38]",590,1
654,0.5,11.249999999999975,13.624999999999941,654,500,485,0.1,[0],561,1
655,0.5,11.249999999999975,13.041666666666616,655,490,496,0.1,[16],642,1
656,0.5,11.249999999999975,13.624999999999941,656,500,512,0.1,"[0, 2, 4, 5, 32]",375,1
657,0.5,11.249999999999975,13.333333333333279,657,491,508,0.1,"[0, 2, 4, 5, 8]",404,1
658,0.5,11.249999999999975,13.624999999999941,658,517,504,0.1,"[0, 2, 3, 24, 46, 49, 58]",474,1
659,0.5,11.249999999999975,13.624999999999941,659,510,490,0.1,"[0, 59]",620,1
660,0.5,11.249999999999975,13.624999999999941,660,499,514,0.1,"[0, 2, 4, 5]",613,1
661,0.5,11.291666666666641,13.624999999999941,661,504,485,0.1,"[0, 25]",646,1
662,0.5,11.291666666666641,13.624999999999941,662,490,504,0.1,"[0, 2, 4, 5, 8, 42]",463,1
663,0.5,11.291666666666641,13.624999999999941,663,490,505,0.1,"[0, 2, 4, 5, 8, 55]",576,1
664,0.5,11.291666666666641,13.624999999999941,664,491,491,0.1,[],611,1
665,0.5,11.291666666666641,13.624999999999941,665,519,500,0.1,"[0, 2, 3, 24]",587,1
666,0.5,11.291666666666641,13.624999999999941,666,511,494,0.1,[0],485,1
667,0.5,11.291666666666641,13.624999999999941,667,514,509,0.1,"[0, 2, 3, 18]",450,1
668,0.5,11.333333333333307,13.624999999999941,668,504,516,0.1,"[0, 2, 4, 5, 23, 56]",618,1
669,0.5,11.333333333333307,13.624999999999941,669,512,493,0.1,[0],666,1
670,0.5,11.333333333333307,13.624999999999941,670,518,499,0.1,"[0, 2, 3, 24]",665,1
671,0.5,11.333333333333307,13.624999999999941,671,514,496,0.1,"[0, 6]",601,1
672,0.5,11.333333333333307,13.624999999999941,672,512,511,0.1,"[0, 2, 3, 38]",653,1
673,0.5,11.333333333333307,13.624999999999941,673,489,501,0.1,"[11, 30, 39, 73]",494,1
674,0.5,11.333333333333307,13.624999999999941,674,494,494,0.1,"[16, 22, 44]",451,1
675,0.5,11.333333333333307,12.208333333333295,675,511,512,0.1,"[0, 2, 4, 5, 23]",595,1
676,0.5,11.333333333333307,13.624999999999941,676,515,509,0.1,"[0, 2, 3, 18]",667,1
677,0.5,11.333333333333307,13.624999999999941,677,500,515,0.1,"[0, 2, 4, 5]",660,1
678,0.5,11.374999999999973,13.624999999999941,678,509,515,0.1,"[0, 2, 4, 5, 23, 36, 65]",446,1
679,0.5,11.374999999999973,13.624999999999941,679,512,512,0.1,"[0, 2, 3, 38, 78]",672,1
680,0.5,11.374999999999973,13.624999999999941,680,490,508,0.1,"[0, 2, 4, 5, 8, 55]",641,1
681,0.5,11.374999999999973,13.624999999999941,681,518,501,0.1,"[0, 2, 3, 24]",587,1
682,0.5,11.374999999999973,13.624999999999941,682,518,504,0.1,"[0, 2, 3, 24, 60]",608,1
683,0.5,11.374999999999973,13.624999999999941,683,499,485,0.1,[0],654,1
684,0.5,11.41666666666664,13.624999999999941,684,489,508,0.1,"[0, 2, 4, 5, 8, 55]",680,1
685,0.5,11.41666666666664,13.624999999999941,685,502,515,0.1,"[0, 2, 4, 5, 8, 40]",585,1
686,0.5,11.41666666666664,13.624999999999941,686,518,506,0.1,"[0, 2, 3, 24, 46, 49]",505,1
687,0.5,11.41666666666664,13.624999999999941,687,501,486,0.1,"[0, 25, 61]",578,1
688,0.5,11.41666666666664,13.624999999999941,688,491,494,0.1,[16],607,1
689,0.5,11.41666666666664,13.624999999999941,689,511,493,0.1,[0],353,1
690,0.5,11.41666666666664,13.624999999999941,690,493,512,0.1,"[0, 2, 4, 5, 8, 33, 62]",524,1
691,0.5,11.41666666666664,13.624999999999941,691,510,493,0.1,[0],666,1
692,0.5,11.41666666666664,13.624999999999941,692,510,492,0.1,[0],599,1
693,0.5,11.458333333333306,13.624999999999941,693,490,499,0.1,"[11, 30, 39, 74]",588,1
694,0.5,11.458333333333306,13.624999999999941,694,515,508,0.1,"[0, 2, 3, 18, 63]",581,1
695,0.5,11.458333333333306,13.624999999999941,695,496,514,0.1,"[0, 2, 4, 5, 8]",529,1
696,0.5,11.458333333333306,13.624999999999941,696,503,515,0.1,"[0, 2, 4, 5, 23, 56]",507,1
697,0.5,11.458333333333306,13.624999999999941,697,513,510,0.1,"[0, 2, 3, 18]",565,1
698,0.5,11.458333333333306,13.624999999999941,698,498,486,0.1,[0],561,1
699,0.5,11.499999999999972,13.624999999999941,699,514,510,0.1,"[0, 2, 3, 18]",565,1
700,0.5,11.499999999999972,12.083333333333297,700,503,484,0.1,"[0, 25]",645,1
701,0.5,11.499999999999972,13.624999999999941,701,496,487,0.1,"[0, 50, 68]",640,1
702,0.5,11.499999999999972,13.624999999999941,702,508,487,0.1,[0],548,1
703,0.5,11.499999999999972,13.624999999999941,703,503,491,0.1,[0],271,1
704,0.5,11.541666666666638,13.624999999999941,704,490,493,0.1,[16],688,1
705,0.5,11.541666666666638,13.624999999999941,705,501,484,0.1,[0],654,1
706,0.5,11.541666666666638,13.624999999999941,706,510,491,0.1,"[0, 64]",692,1
707,0.5,11.541666666666638,13.624999999999941,707,514,497,0.1,"[0, 2, 3]",495,1
708,0.5,11.583333333333304,13.624999999999941,708,496,515,0.1,"[0, 2, 4, 5, 8]",614,1
709,0.5,11.583333333333304,13.624999999999941,709,517,500,0.1,"[0, 2, 3, 24]",427,1
710,0.5,11.583333333333304,12.124999999999963,710,488,505,0.1,"[0, 2, 4, 5, 8]",612,1
711,0.5,11.583333333333304,13.624999999999941,711,501,505,0.1,"[0, 2, 4, 5, 8]",63,1
712,0.5,11.583333333333304,13.624999999999941,712,494,513,0.1,"[0, 2, 4, 5, 8, 33, 62]",690,1
713,0.5,11.62499999999997,13.624999999999941,713,497,515,0.1,"[0, 2, 4, 5, 8]",614,1
714,0.5,11.62499999999997,13.624999999999941,714,513,495,0.1,"[0, 6]",573,1
715,0.5,11.62499999999997,13.624999999999941,715,518,502,0.1,"[0, 2, 3, 24]",541,1
716,0.5,11.62499999999997,13.624999999999941,716,511,492,0.1,"[0, 64]",706,1
717,0.5,11.62499999999997,13.624999999999941,717,497,516,0.1,"[0, 2, 4, 5, 8]",708,1
718,0.5,11.62499999999997,13.624999999999941,718,508,516,0.1,"[0, 2, 4, 5, 23, 36, 65, 92]",678,1
719,0.5,11.62499999999997,13.624999999999941,719,519,498,0.1,"[0, 2, 3, 24]",648,1
720,0.5,11.666666666666636,13.624999999999941,720,511,513,0.1,"[0, 2, 4, 5, 23]",579,1
721,0.5,11.666666666666636,13.624999999999941,721,496,516,0.1,"[0, 2, 4, 5, 8]",713,1
722,0.5,11.666666666666636,13.624999999999941,722,489,494,0.1,[16],704,1
723,0.5,11.666666666666636,13.624999999999941,723,495,513,0.1,"[0, 2, 4, 5, 8, 43]",511,1
724,0.5,11.666666666666636,13.624999999999941,724,494,514,0.1,"[0, 2, 4, 5, 8]",625,1
725,0.5,11.666666666666636,13.624999999999941,725,493,487,0.1,"[0, 17, 66]",652,1
726,0.5,11.666666666666636,13.624999999999941,726,501,515,0.1,"[0, 2, 4, 5, 32]",582,1
727,0.5,11.666666666666636,13.624999999999941,727,490,498,0.1,"[11, 30, 39]",475,1
728,0.5,11.666666666666636,13.624999999999941,728,490,497,0.1,"[11, 30, 39, 72]",588,1
729,0.5,11.666666666666636,13.624999999999941,729,499,493,0.1,"[0, 17]",137,1
730,0.5,11.666666666666636,13.624999999999941,730,518,508,0.1,"[0, 2, 3, 18]",650,1
731,0.5,11.708333333333302,13.624999999999941,731,489,504,0.1,"[0, 2, 4, 5, 8, 55]",663,1
732,0.5,11.708333333333302,13.624999999999941,732,519,501,0.1,"[0, 2, 3, 24]",587,1
733,0.5,11.708333333333302,13.624999999999941,733,495,486,0.1,"[0, 50]",701,1
734,0.5,11.749999999999968,13.374999999999945,734,497,486,0.1,[0],698,1
735,0.5,11.749999999999968,13.624999999999941,735,490,509,0.1,"[0, 2, 4, 5, 8]",657,1
736,0.5,11.749999999999968,13.624999999999941,736,506,515,0.1,"[0, 2, 4, 5, 23, 36, 48, 67]",497,1
737,0.5,11.791666666666634,13.624999999999941,737,520,501,0.1,"[0, 2, 3, 24, 70]",732,1
738,0.5,11.791666666666634,13.624999999999941,738,495,487,0.1,"[0, 50, 68]",701,1
739,0.5,11.791666666666634,13.624999999999941,739,502,491,0.1,"[0, 25]",231,1
740,0.5,11.791666666666634,13.624999999999941,740,492,491,0.1,[],542,1
741,0.5,11.791666666666634,13.624999999999941,741,498,515,0.1,"[0, 2, 4, 5, 8]",614,1
742,0.5,11.791666666666634,13.624999999999941,742,512,491,0.1,"[0, 64, 77]",716,1
743,0.5,11.791666666666634,13.624999999999941,743,489,497,0.1,[16],655,1
744,0.5,11.8333333333333,13.624999999999941,744,513,511,0.1,"[0, 2, 3, 18]",697,1
745,0.5,11.8333333333333,13.624999999999941,745,490,494,0.1,[16],688,1
746,0.5,11.8333333333333,13.624999999999941,746,501,516,0.1,"[0, 2, 4, 5]",677,1
747,0.5,11.8333333333333,13.624999999999941,747,508,488,0.1,[0],548,1
748,0.5,11.8333333333333,13.624999999999941,748,518,505,0.1,"[0, 2, 3, 24, 46, 49]",505,1
749,0.5,11.8333333333333,13.624999999999941,749,492,511,0.1,"[0, 2, 4, 5, 8, 33, 51]",530,1
750,0.5,11.8333333333333,13.624999999999941,750,489,499,0.1,"[11, 30, 39]",727,1
751,0.5,11.874999999999966,13.624999999999941,751,519,505,0.1,"[0, 2, 3, 24, 60]",682,1
752,0.5,11.874999999999966,13.624999999999941,752,515,497,0.1,"[0, 2, 3]",707,1
753,0.5,11.874999999999966,13.624999999999941,753,495,515,0.1,"[0, 2, 4, 5, 8]",625,1
754,0.5,11.874999999999966,13.624999999999941,754,502,483,0.1,"[0, 25]",700,1
755,0.5,11.874999999999966,13.624999999999941,755,505,485,0.1,"[0, 25]",646,1
756,0.5,11.874999999999966,13.624999999999941,756,510,512,0.1,"[0, 2, 4, 5, 23, 69]",564,1
757,0.5,11.874999999999966,13.624999999999941,757,516,509,0.1,"[0, 2, 3, 18, 63]",694,1
758,0.5,11.874999999999966,13.624999999999941,758,493,513,0.1,"[0, 2, 4, 5, 8, 33, 62]",712,1
759,0.5,11.874999999999966,13.624999999999941,759,494,486,0.1,"[0, 50, 68, 98]",738,1
760,0.5,11.874999999999966,13.624999999999941,760,520,499,0.1,"[0, 2, 3, 24]",665,1
761,0.5,11.874999999999966,13.583333333333275,761,514,512,0.1,"[0, 2, 3, 18]",744,1
762,0.5,11.874999999999966,13.624999999999941,762,492,512,0.1,"[0, 2, 4, 5, 8, 33, 53]",553,1
763,0.5,11.916666666666632,13.624999999999941,763,516,498,0.1,"[0, 2, 3, 24]",570,1
764,0.5,11.916666666666632,13.624999999999941,764,492,495,0.1,[],513,1
765,0.5,11.916666666666632,13.624999999999941,765,518,498,0.1,"[0, 2, 3, 24]",670,1
766,0.5,11.916666666666632,13.624999999999941,766,514,511,0.1,"[0, 2, 3, 18]",744,1
767,0.5,11.916666666666632,13.624999999999941,767,518,507,0.1,"[0, 2, 3, 24, 46, 49, 75]",686,1
768,0.5,11.916666666666632,13.624999999999941,768,516,508,0.1,"[0, 2, 3, 18]",650,1
769,0.5,11.916666666666632,13.624999999999941,769,501,508,0.1,"[0, 2, 4, 5]",149,1
770,0.5,11.916666666666632,13.624999999999941,770,489,492,0.1,"[16, 97]",704,1
771,0.5,11.958333333333298,13.624999999999941,771,499,516,0.1,"[0, 2, 4, 5, 8]",741,1
772,0.5,11.958333333333298,13.624999999999941,772,502,485,0.1,"[0, 25]",547,1
773,0.5,11.958333333333298,13.624999999999941,773,503,516,0.1,"[0, 2, 4, 5, 8, 40]",685,1
774,0.5,11.958333333333298,13.624999999999941,774,510,489,0.1,"[0, 59]",620,1
775,0.5,11.958333333333298,13.624999999999941,775,520,500,0.1,"[0, 2, 3, 24, 70]",737,1
776,0.5,11.958333333333298,13.624999999999941,776,516,496,0.1,"[0, 2, 3]",752,1
777,0.5,11.958333333333298,13.624999999999941,777,494,489,0.1,"[0, 17]",630,1
778,0.5,11.999999999999964,13.624999999999941,778,511,489,0.1,"[0, 59]",659,1
779,0.5,11.999999999999964,13.624999999999941,779,517,498,0.1,"[0, 2, 3, 24]",763,1
780,0.5,11.999999999999964,13.624999999999941,780,490,510,0.1,"[0, 2, 4, 5, 8, 33, 51]",583,1
781,0.5,11.999999999999964,13.624999999999941,781,498,516,0.1,"[0, 2, 4, 5, 8]",771,1
782,0.5,12.04166666666663,13.624999999999941,782,519,497,0.1,"[0, 2, 3, 24]",765,1
783,0.5,12.04166666666663,13.624999999999941,783,513,502,0.1,"[0, 2, 3]",336,1
784,0.5,12.083333333333297,13.624999999999941,784,488,508,0.1,"[0, 2, 4, 5, 8, 55]",641,1
785,0.5,12.083333333333297,13.624999999999941,785,489,503,0.1,"[0, 2, 4, 5, 8, 55]",731,1
786,0.5,12.083333333333297,13.624999999999941,786,490,492,0.1,[],611,1
787,0.5,12.083333333333297,13.624999999999941,787,488,492,0.1,[16],770,1
788,0.5,12.083333333333297,13.624999999999941,788,513,512,0.1,"[0, 2, 3, 38]",679,1
789,0.5,12.083333333333297,13.624999999999941,789,494,490,0.1,"[0, 17]",777,1
790,0.5,12.083333333333297,13.624999999999941,790,515,510,0.1,"[0, 2, 3, 18, 63, 93]",757,1
791,0.5,12.083333333333297,13.624999999999941,791,509,489,0.1,"[0, 59]",659,1
792,0.5,12.124999999999963,13.624999999999941,792,499,515,0.1,"[0, 2, 4, 5, 8, 40]",605,1
793,0.5,12.124999999999963,13.624999999999941,793,494,487,0.1,"[0, 17, 71]",627,1
794,0.5,12.124999999999963,13.624999999999941,794,508,515,0.1,"[0, 2, 4, 5, 23, 36, 52]",600,1
795,0.5,12.124999999999963,13.624999999999941,795,504,517,0.1,"[0, 2, 4, 5, 8, 40]",773,1
796,0.5,12.124999999999963,13.624999999999941,796,488,504,0.1,"[0, 2, 4, 5, 8, 55]",629,1
797,0.5,12.124999999999963,13.624999999999941,797,514,495,0.1,"[0, 6]",671,1
798,0.5,12.124999999999963,13.624999999999941,798,495,516,0.1,"[0, 2, 4, 5, 8]",708,1
799,0.5,12.124999999999963,13.624999999999941,799,511,491,0.1,"[0, 64]",716,1
800,0.5,12.124999999999963,13.624999999999941,800,490,501,0.1,"[11, 30, 39]",494,1
801,0.5,12.124999999999963,13.499999999999943,801,517,499,0.1,"[0, 2, 3, 24]",638,1
802,0.5,12.124999999999963,13.624999999999941,802,519,503,0.1,"[0, 2, 3, 24]",715,1
803,0.5,12.124999999999963,13.624999999999941,803,491,511,0.1,"[0, 2, 4, 5, 8, 33, 53]",762,1
804,0.5,12.166666666666629,13.624999999999941,804,489,509,0.1,"[0, 2, 4, 5, 8, 55]",680,1
805,0.5,12.166666666666629,13.624999999999941,805,488,503,0.1,"[0, 2, 4, 5, 8, 55]",731,1
806,0.5,12.166666666666629,13.624999999999941,806,496,486,0.1,"[0, 50, 68]",701,1
807,0.5,12.166666666666629,13.624999999999941,807,514,513,0.1,"[0, 2, 3, 18]",761,1
808,0.5,12.166666666666629,13.624999999999941,808,492,488,0.1,"[0, 17, 66]",725,1
809,0.5,12.166666666666629,13.624999999999941,809,506,485,0.1,"[0, 25]",755,1
810,0.5,12.166666666666629,13.624999999999941,810,493,488,0.1,"[0, 17, 71]",793,1
811,0.5,12.166666666666629,13.624999999999941,811,489,498,0.1,"[11, 30, 39, 80]",728,1
812,0.5,12.166666666666629,13.624999999999941,812,487,492,0.1,[16],787,1
813,0.5,12.166666666666629,13.624999999999941,813,508,489,0.1,[0],651,1
814,0.5,12.208333333333295,12.833333333333286,814,489,496,0.1,"[11, 30, 39, 72]",728,1
815,0.5,12.208333333333295,13.624999999999941,815,494,515,0.1,"[0, 2, 4, 5, 8]",625,1
816,0.5,12.208333333333295,13.624999999999941,816,500,516,0.1,"[0, 2, 4, 5, 8, 40]",792,1
817,0.5,12.208333333333295,13.624999999999941,817,488,501,0.1,"[11, 30, 39]",673,1
818,0.5,12.208333333333295,13.624999999999941,818,513,490,0.1,"[0, 64]",742,1
819,0.5,12.208333333333295,13.624999999999941,819,499,512,0.1,"[0, 2, 4, 5]",502,1
820,0.5,12.208333333333295,13.624999999999941,820,512,490,0.1,"[0, 59]",778,1
821,0.5,12.208333333333295,13.624999999999941,821,502,516,0.1,"[0, 2, 4, 5, 23, 56]",696,1
822,0.5,12.208333333333295,13.624999999999941,822,488,507,0.1,"[0, 2, 4, 5, 8, 55]",641,1
823,0.5,12.249999999999961,13.624999999999941,823,519,506,0.1,"[0, 2, 3, 24, 46, 49]",748,1
824,0.5,12.249999999999961,13.624999999999941,824,519,508,0.1,"[0, 2, 3, 18, 76]",730,1
825,0.5,12.249999999999961,13.624999999999941,825,521,501,0.1,"[0, 2, 3, 24, 70]",775,1
826,0.5,12.249999999999961,13.624999999999941,826,520,503,0.1,"[0, 2, 3, 24]",619,1
827,0.5,12.249999999999961,13.624999999999941,827,488,499,0.1,"[11, 30, 39]",750,1
828,0.5,12.249999999999961,13.624999999999941,828,518,496,0.1,"[0, 2, 3, 24]",782,1
829,0.5,12.249999999999961,13.624999999999941,829,497,517,0.1,"[0, 2, 4, 5, 8]",717,1
830,0.5,12.291666666666627,13.624999999999941,830,488,497,0.1,"[11, 30, 39]",811,1
831,0.5,12.291666666666627,13.624999999999941,831,515,495,0.1,"[0, 6]",671,1
832,0.5,12.291666666666627,13.624999999999941,832,511,490,0.1,"[0, 59]",659,1
833,0.5,12.291666666666627,13.624999999999941,833,492,489,0.1,"[0, 17]",562,1
834,0.5,12.291666666666627,13.624999999999941,834,489,495,0.1,[16],642,1
835,0.5,12.291666666666627,13.624999999999941,835,489,502,0.1,"[11, 30, 39, 73]",673,1
836,0.5,12.291666666666627,13.624999999999941,836,504,518,0.1,"[0, 2, 4, 5, 8, 40]",795,1
837,0.5,12.291666666666627,13.624999999999941,837,489,500,0.1,"[11, 30, 39, 74]",693,1
838,0.5,12.333333333333293,13.624999999999941,838,518,509,0.1,"[0, 2, 3, 18]",649,1
839,0.5,12.333333333333293,13.624999999999941,839,513,513,0.1,"[0, 2, 3, 38]",788,1
840,0.5,12.333333333333293,13.624999999999941,840,501,485,0.1,"[0, 25]",546,1
841,0.5,12.333333333333293,13.624999999999941,841,488,505,0.1,"[0, 2, 4, 5, 8, 55]",731,1
842,0.5,12.333333333333293,13.624999999999941,842,490,491,0.1,[],664,1
843,0.5,12.333333333333293,13.624999999999941,843,507,487,0.1,[0],548,1
844,0.5,12.333333333333293,13.624999999999941,844,519,507,0.1,"[0, 2, 3, 24, 46, 49, 75]",767,1
845,0.5,12.333333333333293,13.624999999999941,845,515,494,0.1,"[0, 6]",831,1
846,0.5,12.333333333333293,13.624999999999941,846,504,499,0.1,[0],48,1
847,0.5,12.37499999999996,13.624999999999941,847,488,506,0.1,"[0, 2, 4, 5, 8, 55]",629,1
848,0.5,12.37499999999996,13.624999999999941,848,488,502,0.1,"[0, 2, 4, 5, 8, 55]",785,1
849,0.5,12.37499999999996,13.624999999999941,849,502,517,0.1,"[0, 2, 4, 5]",746,1
850,0.5,12.37499999999996,13.624999999999941,850,519,509,0.1,"[0, 2, 3, 18, 76]",824,1
851,0.5,12.37499999999996,13.624999999999941,851,510,515,0.1,"[0, 2, 4, 5, 23]",579,1
852,0.5,12.37499999999996,13.624999999999941,852,515,512,0.1,"[0, 2, 3, 18]",761,1
853,0.5,12.37499999999996,13.624999999999941,853,493,489,0.1,"[0, 17]",789,1
854,0.5,12.37499999999996,13.624999999999941,854,520,498,0.1,"[0, 2, 3, 24]",719,1
855,0.5,12.416666666666625,13.624999999999941,855,517,509,0.1,"[0, 2, 3, 18]",768,1
856,0.5,12.416666666666625,13.624999999999941,856,506,516,0.1,"[0, 2, 4, 5, 23, 36, 52]",600,1
857,0.5,12.416666666666625,13.624999999999941,857,513,491,0.1,"[0, 64, 77, 87]",742,1
858,0.5,12.416666666666625,13.624999999999941,858,514,494,0.1,"[0, 6]",797,1
859,0.5,12.416666666666625,13.624999999999941,859,516,499,0.1,"[0, 2, 3, 24]",616,1
860,0.5,12.416666666666625,13.624999999999941,860,503,517,0.1,"[0, 2, 4, 5, 8, 40]",773,1
861,0.5,12.416666666666625,13.624999999999941,861,491,512,0.1,"[0, 2, 4, 5, 8, 33, 53]",803,1
862,0.5,12.458333333333291,13.624999999999941,862,506,517,0.1,"[0, 2, 4, 5, 23, 36, 84]",506,1
863,0.5,12.458333333333291,13.624999999999941,863,492,490,0.1,"[0, 17]",853,1
864,0.5,12.458333333333291,13.624999999999941,864,503,484,0.1,"[0, 25]",645,1
865,0.5,12.458333333333291,13.624999999999941,865,511,512,0.1,"[0, 2, 3, 38, 78]",679,1
866,0.5,12.458333333333291,13.624999999999941,866,487,504,0.1,"[0, 2, 4, 5, 8, 55]",805,1
867,0.5,12.499999999999957,13.624999999999941,867,517,495,0.1,"[0, 2, 3, 24, 95]",828,1
868,0.5,12.499999999999957,13.624999999999941,868,488,500,0.1,"[11, 30, 39, 81]",827,1
869,0.5,12.499999999999957,13.624999999999941,869,515,511,0.1,"[0, 2, 3, 18]",699,1
870,0.5,12.499999999999957,13.624999999999941,870,517,497,0.1,"[0, 2, 3, 24]",765,1
871,0.5,12.541666666666623,13.624999999999941,871,487,501,0.1,"[11, 30, 39]",868,1
872,0.5,12.541666666666623,13.624999999999941,872,509,488,0.1,[0],747,1
873,0.5,12.541666666666623,13.624999999999941,873,489,510,0.1,"[0, 2, 4, 5, 8]",735,1
874,0.5,12.541666666666623,13.624999999999941,874,519,496,0.1,"[0, 2, 3, 24, 88]",828,1
875,0.5,12.541666666666623,13.624999999999941,875,489,491,0.1,[16],770,1
876,0.5,12.541666666666623,13.624999999999941,876,500,484,0.1,[0],683,1
877,0.5,12.541666666666623,13.624999999999941,877,518,497,0.1,"[0, 2, 3, 24, 83]",779,1
878,0.5,12.541666666666623,13.624999999999941,878,513,493,0.1,"[0, 79]",586,1
879,0.5,12.541666666666623,13.624999999999941,879,513,494,0.1,"[0, 6]",573,1
880,0.5,12.541666666666623,13.624999999999941,880,515,496,0.1,"[0, 6]",797,1
881,0.5,12.541666666666623,13.624999999999941,881,513,514,0.1,"[0, 2, 3, 38]",839,1
882,0.5,12.58333333333329,13.624999999999941,882,500,517,0.1,"[0, 2, 4, 5, 8, 40]",816,1
883,0.5,12.58333333333329,13.624999999999941,883,520,508,0.1,"[0, 2, 3, 18, 76]",824,1
884,0.5,12.58333333333329,13.624999999999941,884,489,493,0.1,[],786,1
885,0.5,12.58333333333329,13.624999999999941,885,512,492,0.1,"[0, 64]",799,1
886,0.5,12.58333333333329,13.624999999999941,886,488,498,0.1,"[11, 30, 39, 80]",811,1
887,0.5,12.624999999999956,13.624999999999941,887,488,491,0.1,[16],875,1
888,0.5,12.624999999999956,13.624999999999941,888,513,492,0.1,"[0, 64, 82]",885,1
889,0.5,12.624999999999956,13.624999999999941,889,506,487,0.1,"[0, 25]",559,1
890,0.5,12.624999999999956,13.624999999999941,890,512,513,0.1,"[0, 2, 3, 38]",788,1
891,0.5,12.624999999999956,13.624999999999941,891,505,484,0.1,"[0, 25]",661,1
892,0.5,12.624999999999956,13.624999999999941,892,493,486,0.1,"[0, 17, 71]",793,1
893,0.5,12.624999999999956,13.624999999999941,893,487,500,0.1,"[11, 30, 39, 81]",868,1
894,0.5,12.624999999999956,13.624999999999941,894,503,518,0.1,"[0, 2, 4, 5, 8, 40]",860,1
895,0.5,12.624999999999956,13.624999999999941,895,504,484,0.1,"[0, 25]",755,1
896,0.5,12.666666666666622,13.624999999999941,896,487,505,0.1,"[0, 2, 4, 5, 8, 55]",796,1
897,0.5,12.666666666666622,13.624999999999941,897,514,493,0.1,"[0, 64, 82]",888,1
898,0.5,12.666666666666622,13.624999999999941,898,501,483,0.1,"[0, 25]",754,1
899,0.5,12.666666666666622,13.624999999999941,899,487,499,0.1,"[11, 30, 39, 81]",868,1
900,0.5,12.708333333333288,13.624999999999941,900,516,497,0.1,"[0, 2, 3, 24]",779,1
901,0.5,12.708333333333288,13.624999999999941,901,507,516,0.1,"[0, 2, 4, 5, 23, 36, 52]",600,1
902,0.5,12.708333333333288,13.624999999999941,902,490,512,0.1,"[0, 2, 4, 5, 8, 33, 53]",861,1
903,0.5,12.708333333333288,13.624999999999941,903,518,510,0.1,"[0, 2, 3, 18]",838,1
904,0.5,12.708333333333288,13.624999999999941,904,488,510,0.1,"[0, 2, 4, 5, 8, 55]",804,1
905,0.5,12.708333333333288,13.624999999999941,905,503,519,0.1,"[0, 2, 4, 5, 8, 40, 86]",894,1
906,0.5,12.708333333333288,13.624999999999941,906,520,507,0.1,"[0, 2, 3, 18, 76]",824,1
907,0.5,12.708333333333288,13.624999999999941,907,486,501,0.1,"[11, 30, 39, 96]",871,1
908,0.5,12.708333333333288,13.624999999999941,908,519,504,0.1,"[0, 2, 3, 24, 60]",682,1
909,0.5,12.708333333333288,13.624999999999941,909,502,518,0.1,"[0, 2, 4, 5]",849,1
910,0.5,12.708333333333288,13.624999999999941,910,488,509,0.1,"[0, 2, 4, 5, 8, 55]",684,1
911,0.5,12.708333333333288,13.624999999999941,911,506,483,0.1,"[0, 25]",891,1
912,0.5,12.749999999999954,13.624999999999941,912,496,517,0.1,"[0, 2, 4, 5, 8]",798,1
913,0.5,12.749999999999954,13.624999999999941,913,493,515,0.1,"[0, 2, 4, 5, 8]",815,1
914,0.5,12.749999999999954,13.624999999999941,914,491,490,0.1,[],740,1
915,0.5,12.749999999999954,13.624999999999941,915,514,492,0.1,"[0, 64, 82]",897,1
916,0.5,12.749999999999954,13.624999999999941,916,504,519,0.1,"[0, 2, 4, 5, 8, 40]",894,1
917,0.5,12.79166666666662,13.624999999999941,917,505,483,0.1,"[0, 25]",895,1
918,0.5,12.79166666666662,13.624999999999941,918,488,495,0.1,"[11, 30, 39, 72]",814,1
919,0.5,12.79166666666662,13.624999999999941,919,490,490,0.1,[],664,1
920,0.5,12.79166666666662,13.624999999999941,920,486,493,0.1,[16],812,1
921,0.5,12.79166666666662,13.624999999999941,921,517,496,0.1,"[0, 2, 3, 24, 83]",877,1
922,0.5,12.79166666666662,13.624999999999941,922,497,505,0.1,[1],240,1
923,0.5,12.79166666666662,13.624999999999941,923,515,502,0.1,"[0, 2, 3, 24]",467,1
924,0.5,12.833333333333286,13.624999999999941,924,507,486,0.1,[0],843,1
925,0.5,12.833333333333286,13.624999999999941,925,510,507,0.1,"[0, 2, 3, 38]",302,1
926,0.5,12.833333333333286,13.624999999999941,926,521,507,0.1,"[0, 2, 3, 18, 76]",883,1
927,0.5,12.833333333333286,13.624999999999941,927,505,482,0.1,"[0, 25, 90]",911,1
928,0.5,12.874999999999952,13.624999999999941,928,505,517,0.1,"[0, 2, 4, 5, 23, 36, 84, 89]",862,1
929,0.5,12.874999999999952,13.624999999999941,929,519,510,0.1,"[0, 2, 3, 18]",838,1
930,0.5,12.874999999999952,13.624999999999941,930,490,511,0.1,"[0, 2, 4, 5, 8, 33, 51, 85]",583,1
931,0.5,12.874999999999952,13.624999999999941,931,521,508,0.1,"[0, 2, 3, 18, 76]",883,1
932,0.5,12.874999999999952,13.624999999999941,932,492,513,0.1,"[0, 2, 4, 5, 8, 33, 62]",690,1
933,0.5,12.916666666666618,13.624999999999941,933,498,485,0.1,[0],683,1
934,0.5,12.916666666666618,13.624999999999941,934,507,497,0.1,"[0, 2]",219,1
935,0.5,12.916666666666618,13.624999999999941,935,522,507,0.1,"[0, 2, 3, 18, 76]",926,1
936,0.5,12.916666666666618,13.624999999999941,936,497,485,0.1,"[0, 50, 68]",806,1
937,0.5,12.916666666666618,13.624999999999941,937,512,499,0.1,"[0, 2, 3]",291,1
938,0.5,12.916666666666618,13.624999999999941,938,514,515,0.1,"[0, 2, 3, 38]",881,1
939,0.5,12.916666666666618,13.624999999999941,939,512,514,0.1,"[0, 2, 3, 38]",839,1
940,0.5,12.916666666666618,13.624999999999941,940,510,488,0.1,[0],872,1
941,0.5,12.958333333333284,13.624999999999941,941,487,498,0.1,"[11, 30, 39]",830,1
942,0.5,12.958333333333284,13.624999999999941,942,502,520,0.1,"[0, 2, 4, 5, 8, 40, 86]",905,1
943,0.5,12.958333333333284,13.624999999999941,943,506,482,0.1,"[0, 25]",917,1
944,0.5,12.958333333333284,13.624999999999941,944,521,498,0.1,"[0, 2, 3, 24]",760,1
945,0.5,12.958333333333284,13.624999999999941,945,485,492,0.1,[16],920,1
946,0.5,12.958333333333284,13.624999999999941,946,494,504,0.1,"[11, 30]",381,1
947,0.5,12.958333333333284,13.624999999999941,947,489,496,0.1,[16],642,1
948,0.5,12.99999999999995,13.624999999999941,948,492,487,0.1,"[0, 17, 71]",810,1
949,0.5,12.99999999999995,13.624999999999941,949,507,517,0.1,"[0, 2, 4, 5, 23, 36, 52]",901,1
950,0.5,12.99999999999995,13.624999999999941,950,520,506,0.1,"[0, 2, 3, 18, 76]",926,1
951,0.5,12.99999999999995,13.624999999999941,951,505,518,0.1,"[0, 2, 4, 5, 8, 40]",836,1
952,0.5,12.99999999999995,13.624999999999941,952,501,517,0.1,"[0, 2, 4, 5, 94]",746,1
953,0.5,12.99999999999995,13.624999999999941,953,502,510,0.1,"[0, 2, 4, 5, 32]",304,1
954,0.5,12.99999999999995,13.624999999999941,954,519,511,0.1,"[0, 2, 3, 18]",903,1
955,0.5,12.99999999999995,13.624999999999941,955,507,484,0.1,"[0, 25]",911,1
956,0.5,12.99999999999995,13.624999999999941,956,511,514,0.1,"[0, 2, 4, 5, 23]",720,1
957,0.5,13.041666666666616,13.624999999999941,957,486,504,0.1,"[0, 2, 4, 5, 8, 55]",866,1
958,0.5,13.041666666666616,13.624999999999941,958,521,500,0.1,"[0, 2, 3, 24, 70]",825,1
959,0.5,13.041666666666616,13.624999999999941,959,518,495,0.1,"[0, 2, 3, 24]",828,1
960,0.5,13.041666666666616,13.624999999999941,960,492,514,0.1,"[0, 2, 4, 5, 8, 33, 62]",758,1
961,0.5,13.041666666666616,13.624999999999941,961,487,510,0.1,"[0, 2, 4, 5, 8, 55]",910,1
962,0.5,13.041666666666616,13.624999999999941,962,499,484,0.1,[0],933,1
963,0.5,13.041666666666616,13.624999999999941,963,512,515,0.1,"[0, 2, 3, 38]",881,1
964,0.5,13.041666666666616,13.624999999999941,964,511,515,0.1,"[0, 2, 4, 5, 23]",851,1
965,0.5,13.041666666666616,13.624999999999941,965,521,497,0.1,"[0, 2, 3, 24]",854,1
966,0.5,13.041666666666616,13.624999999999941,966,514,491,0.1,"[0, 64, 77, 87]",857,1
967,0.5,13.041666666666616,13.624999999999941,967,498,484,0.1,[0],683,1
968,0.5,13.041666666666616,13.624999999999941,968,501,518,0.1,"[0, 2, 4, 5, 8, 40]",882,1
969,0.5,13.083333333333282,13.624999999999941,969,504,520,0.1,"[0, 2, 4, 5, 8, 40]",916,1
970,0.5,13.083333333333282,13.624999999999941,970,521,502,0.1,"[0, 2, 3, 24, 70]",737,1
971,0.5,13.083333333333282,13.624999999999941,971,509,487,0.1,[0],872,1
972,0.5,13.083333333333282,13.624999999999941,972,487,503,0.1,"[0, 2, 4, 5, 8, 55]",848,1
973,0.5,13.083333333333282,13.624999999999941,973,489,490,0.1,[],842,1
974,0.5,13.083333333333282,13.624999999999941,974,509,517,0.1,"[0, 2, 4, 5, 23, 36, 65]",718,1
975,0.5,13.083333333333282,13.624999999999941,975,520,496,0.1,"[0, 2, 3, 24]",782,1
976,0.5,13.124999999999948,13.624999999999941,976,487,502,0.1,"[11, 30, 39, 99]",817,1
977,0.5,13.124999999999948,13.624999999999941,977,486,505,0.1,"[0, 2, 4, 5, 8, 55]",896,1
978,0.5,13.124999999999948,13.624999999999941,978,520,495,0.1,"[0, 2, 3, 24, 88]",874,1
979,0.5,13.124999999999948,13.624999999999941,979,497,484,0.1,[0],933,1
980,0.5,13.124999999999948,13.624999999999941,980,505,520,0.1,"[0, 2, 4, 5, 8, 40]",969,1
981,0.5,13.124999999999948,13.624999999999941,981,506,518,0.1,"[0, 2, 4, 5, 23, 36, 84, 89]",928,1
982,0.5,13.166666666666615,13.624999999999941,982,520,502,0.1,"[0, 2, 3, 24, 70]",737,1
983,0.5,13.166666666666615,13.624999999999941,983,492,486,0.1,"[0, 17, 71, 91]",892,1
984,0.5,13.166666666666615,13.624999999999941,984,494,516,0.1,"[0, 2, 4, 5, 8]",815,1
985,0.5,13.166666666666615,13.624999999999941,985,496,485,0.1,[0],734,1
986,0.5,13.166666666666615,13.624999999999941,986,510,486,0.1,[0],971,1
987,0.5,13.166666666666615,13.624999999999941,987,506,481,0.1,"[0, 25, 90]",927,1
988,0.5,13.166666666666615,13.624999999999941,988,500,519,0.1,"[0, 2, 4, 5, 8, 40]",968,1
989,0.5,13.20833333333328,13.624999999999941,989,507,518,0.1,"[0, 2, 4, 5, 23, 36, 84]",862,1
990,0.5,13.20833333333328,13.624999999999941,990,511,488,0.1,"[0, 59]",778,1
991,0.5,13.20833333333328,13.624999999999941,991,493,491,0.1,[],740,1
992,0.5,13.20833333333328,13.624999999999941,992,511,485,0.1,[0],986,1
993,0.5,13.20833333333328,13.624999999999941,993,507,481,0.1,"[0, 25, 90]",987,1
994,0.5,13.20833333333328,13.624999999999941,994,508,517,0.1,"[0, 2, 4, 5, 23, 36, 52]",901,1
995,0.5,13.20833333333328,13.624999999999941,995,521,499,0.1,"[0, 2, 3, 24, 70]",775,1
996,0.5,13.20833333333328,13.624999999999941,996,499,517,0.1,"[0, 2, 4, 5, 8, 40]",816,1
997,0.5,13.249999999999947,13.624999999999941,997,505,480,0.1,"[0, 25, 90]",987,1
998,0.5,13.249999999999947,13.416666666666611,998,509,486,0.1,[0],702,1
999,0.5,13.249999999999947,13.624999999999941,999,502,484,0.1,"[0, 25]",840,1
1000,0.5,13.249999999999947,13.624999999999941,1000,487,511,0.1,"[0, 2, 4, 5, 8, 55]",961,1
1001,0.5,13.249999999999947,13.624999999999941,1001,491,485,0.1,"[0, 17, 71, 91]",983,1
1002,0.5,13.249999999999947,13.624999999999941,1002,509,516,0.1,"[0, 2, 4, 5, 23, 36, 65, 92]",718,1
1003,0.5,13.249999999999947,13.624999999999941,1003,521,503,0.1,"[0, 2, 3, 24]",826,1
1004,0.5,13.291666666666613,13.624999999999941,1004,516,495,0.1,"[0, 6]",880,1
1005,0.5,13.291666666666613,13.624999999999941,1005,521,496,0.1,"[0, 2, 3, 24]",975,1
1006,0.5,13.291666666666613,13.624999999999941,1006,498,518,0.1,"[0, 2, 4, 5, 8]",829,1
1007,0.5,13.291666666666613,13.624999999999941,1007,516,511,0.1,"[0, 2, 3, 18, 63, 93]",790,1
1008,0.5,13.291666666666613,13.624999999999941,1008,504,482,0.1,"[0, 25, 90]",927,1
1009,0.5,13.291666666666613,13.624999999999941,1009,498,517,0.1,"[0, 2, 4, 5, 8]",771,1
1010,0.5,13.291666666666613,13.624999999999941,1010,490,496,0.1,[16],607,1
1011,0.5,13.291666666666613,13.624999999999941,1011,501,520,0.1,"[0, 2, 4, 5, 8, 40]",988,1
1012,0.5,13.291666666666613,13.624999999999941,1012,503,520,0.1,"[0, 2, 4, 5, 8, 40]",916,1
1013,0.5,13.291666666666613,13.624999999999941,1013,507,485,0.1,"[0, 25]",809,1
1014,0.5,13.333333333333279,13.624999999999941,1014,495,485,0.1,"[0, 50, 68]",806,1
1015,0.5,13.333333333333279,13.624999999999941,1015,504,480,0.1,"[0, 25, 90]",997,1
1016,0.5,13.333333333333279,13.624999999999941,1016,487,497,0.1,"[11, 30, 39, 80]",886,1
1017,0.5,13.333333333333279,13.624999999999941,1017,522,502,0.1,"[0, 2, 3, 24, 70]",970,1
1018,0.5,13.333333333333279,13.624999999999941,1018,485,503,0.1,"[0, 2, 4, 5, 8, 55]",957,1
1019,0.5,13.333333333333279,13.624999999999941,1019,505,519,0.1,"[0, 2, 4, 5, 8, 40]",916,1
1020,0.5,13.333333333333279,13.624999999999941,1020,486,503,0.1,"[0, 2, 4, 5, 8, 55]",972,1
1021,0.5,13.374999999999945,13.624999999999941,1021,499,483,0.1,[0],962,1
1022,0.5,13.374999999999945,13.624999999999941,1022,516,513,0.1,"[0, 2, 3, 18]",852,1
1023,0.5,13.374999999999945,13.624999999999941,1023,521,506,0.1,"[0, 2, 3, 18, 76]",906,1
1024,0.5,13.374999999999945,13.624999999999941,1024,491,515,0.1,"[0, 2, 4, 5, 8, 33, 62]",960,1
1025,0.5,13.374999999999945,13.624999999999941,1025,521,504,0.1,"[0, 2, 3, 24]",826,1
1026,0.5,13.374999999999945,13.624999999999941,1026,491,508,0.1,"[0, 2, 4, 5, 8]",735,1
1027,0.5,13.416666666666611,13.624999999999941,1027,517,494,0.1,"[0, 2, 3, 24]",959,1
1028,0.5,13.416666666666611,13.624999999999941,1028,512,506,0.1,"[0, 2, 3, 24]",411,1
1029,0.5,13.416666666666611,13.624999999999941,1029,500,518,0.1,"[0, 2, 4, 5, 94]",952,1
1030,0.5,13.416666666666611,13.624999999999941,1030,485,504,0.1,"[0, 2, 4, 5, 8, 55]",1020,1
1031,0.5,13.416666666666611,13.624999999999941,1031,522,508,0.1,"[0, 2, 3, 18, 76]",931,1
1032,0.5,13.416666666666611,13.624999999999941,1032,506,486,0.1,"[0, 25]",633,1
1033,0.5,13.458333333333277,13.624999999999941,1033,520,505,0.1,"[0, 2, 3, 24, 46, 49]",823,1
1034,0.5,13.458333333333277,13.624999999999941,1034,518,494,0.1,"[0, 2, 3, 24, 95]",867,1
1035,0.5,13.458333333333277,13.624999999999941,1035,497,518,0.1,"[0, 2, 4, 5, 8]",1009,1
1036,0.5,13.458333333333277,13.624999999999941,1036,486,500,0.1,"[11, 30, 39, 96]",907,1
1037,0.5,13.458333333333277,13.624999999999941,1037,496,483,0.1,[0],979,1
1038,0.5,13.499999999999943,13.624999999999941,1038,503,521,0.1,"[0, 2, 4, 5, 8, 40]",969,1
1039,0.5,13.499999999999943,13.624999999999941,1039,516,510,0.1,"[0, 2, 3, 18, 63, 93]",790,1
1040,0.5,13.499999999999943,13.624999999999941,1040,515,493,0.1,"[0, 6]",858,1
1041,0.5,13.499999999999943,13.624999999999941,1041,488,490,0.1,[16],875,1
1042,0.5,13.499999999999943,13.624999999999941,1042,489,489,0.1,[],919,1
1043,0.5,13.499999999999943,13.624999999999941,1043,506,484,0.1,"[0, 25]",755,1
1044,0.5,13.499999999999943,13.624999999999941,1044,517,512,0.1,"[0, 2, 3, 18, 63, 93]",1007,1
1045,0.5,13.499999999999943,13.624999999999941,1045,498,502,0.1,[11],108,1
1046,0.5,13.54166666666661,13.624999999999941,1046,515,491,0.1,"[0, 64, 82]",915,1
1047,0.5,13.54166666666661,13.624999999999941,1047,515,500,0.1,"[0, 2, 3, 24]",638,1
1048,0.5,13.54166666666661,13.624999999999941,1048,488,493,0.1,"[16, 97]",770,1
1049,0.5,13.54166666666661,13.624999999999941,1049,513,515,0.1,"[0, 2, 3, 38]",938,1
1050,0.5,13.54166666666661,13.624999999999941,1050,495,517,0.1,"[0, 2, 4, 5, 8]",912,1
1051,0.5,13.54166666666661,13.624999999999941,1051,491,484,0.1,"[0, 17, 71, 91]",1001,1
1052,0.5,13.54166666666661,13.624999999999941,1052,512,489,0.1,"[0, 64]",818,1
1053,0.5,13.54166666666661,13.624999999999941,1053,501,521,0.1,"[0, 2, 4, 5, 8, 40, 86]",942,1
1054,0.5,13.54166666666661,13.624999999999941,1054,496,519,0.1,"[0, 2, 4, 5, 8]",1035,1
1055,0.5,13.54166666666661,13.624999999999941,1055,507,482,0.1,"[0, 25]",911,1
1056,0.5,13.583333333333275,13.624999999999941,1056,497,486,0.1,"[0, 50, 68]",936,1
1057,0.5,13.583333333333275,13.624999999999941,1057,491,488,0.1,"[0, 17, 66]",808,1
1058,0.5,13.583333333333275,13.624999999999941,1058,489,511,0.1,"[0, 2, 4, 5, 8, 33, 51, 85]",930,1
1059,0.5,13.583333333333275,13.624999999999941,1059,493,485,0.1,"[0, 50, 68, 98]",759,1
1060,0.5,13.583333333333275,13.624999999999941,1060,521,495,0.1,"[0, 2, 3, 24]",975,1
1061,0.5,13.583333333333275,13.624999999999941,1061,504,481,0.1,"[0, 25, 90, 100]",997,1
1062,0.5,13.583333333333275,13.624999999999941,1062,486,499,0.1,"[11, 30, 39, 96]",1036,1
1063,0.5,13.583333333333275,13.624999999999941,1063,512,516,0.1,"[0, 2, 4, 5, 23]",964,1
1064,0.5,13.583333333333275,13.624999999999941,1064,505,521,0.1,"[0, 2, 4, 5, 8, 40]",969,1
1065,0.5,13.624999999999941,13.624999999999941,1065,522,504,0.1,"[0, 2, 3, 24]",1003,1
1066,0.5,13.624999999999941,13.624999999999941,1066,493,514,0.1,"[0, 2, 4, 5, 8, 33, 62]",758,1
1067,0.5,13.624999999999941,13.624999999999941,1067,486,502,0.1,"[11, 30, 39, 99]",976,1
1068,0.5,13.624999999999941,13.624999999999941,1068,505,481,0.1,"[0, 25, 90, 100]",1061,1
1069,0.5,13.624999999999941,13.624999999999941,1069,485,502,0.1,"[0, 2, 4, 5, 8, 55]",1018,1
1070,0.5,13.624999999999941,13.624999999999941,1070,522,498,0.1,"[0, 2, 3, 24]",965,1
1071,0.5,13.624999999999941,13.624999999999941,1071,499,519,0.1,"[0, 2, 4, 5, 94]",1029,1
1072,0.5,13.624999999999941,13.624999999999941,1072,507,483,0.1,"[0, 25]",1043,1
1073,0.5,13.624999999999941,13.624999999999941,1073,487,508,0.1,"[0, 2, 4, 5, 8, 55]",784,1
1074,0.5,13.624999999999941,13.624999999999941,1074,500,520,0.1,"[0, 2, 4, 5, 8, 40]",1011,1
1075,0.5,13.624999999999941,13.624999999999941,1075,487,507,0.1,"[0, 2, 4, 5, 8, 55]",847,1
